question_text,question_context,grade,topic,followup_1,followup_1_context,followup_2,followup_2_context,answer_junior,answer_middle,answer_senior,source
Что такое идемпотентность и зачем она нужна в API?,"Представь, что на собеседовании обсуждают обмен данными между сервисами и надежность интеграций.",джун-мидл,интеграции,"Клиент отправил POST-запрос на создание заказа. Сеть упала - он не знает, создался ли заказ. Отправил повторно. Что произошло в системе без idempotency-key?","интервьюер хочет проверить, как ты применишь ответ на практике.",Как технически реализовать идемпотентный POST? Что должен передать клиент и как сервер должен это обработать?,Теперь интервьюер углубляет кейс и проверяет последствия твоего решения.,"Идемпотентность - это когда одинаковый запрос даёт одинаковый результат. Минус: определение верное, но нет понимания зачем это нужно в реальной системе.","Идемпотентный запрос можно повторить несколько раз - результат не изменится, данные ресурса не меняются. Важно для надёжности сети. Минус: чуть глубже, но нет конкретики как реализовать.","Идемпотентность нужна потому что сети ненадёжны - клиент может отправить запрос дважды или N раз. Без неё создадутся два заказа. Решение: клиент передаёт idempotency-key в заголовке, сервер кэширует ответ по этому ключу и при повторном запросе возвращает тот же результат без повторной обработки. Плюс: проблема + решение + механика.","Катя, 7 вопросов с мок-собесов"
"Как аналитик описывает микросервисную систему в документации, чтобы поняли и разработчик, и бизнес?","Представь, что интервьюер просит тебя объяснить архитектурное решение на реальном продукте.",мидл-сеньор,архитектура,"Какие артефакты используешь: C4, каталог сервисов, контракты?","интервьюер хочет проверить, как ты применишь ответ на практике.","Как покажешь, кто за что отвечает и как сервисы общаются?",Теперь интервьюер углубляет кейс и проверяет последствия твоего решения.,"Опишу сервисы текстом и нарисую схему, как они связаны. Минус: нет структуры и стандартных артефактов - такую схему каждый поймет по-своему.","Рисую диаграмму сервисов, описываю каждый и его API. Использую C4 для архитектуры. Минус: называет C4, но не раскрывает уровни и не связывает с контрактами и зонами ответственности.","Захожу сверху вниз. Контекст C4 - система и внешние акторы, понятно бизнесу. Контейнеры - сами сервисы и протоколы между ними. Каталог сервисов - таблица: сервис, его бизнес-ответственность, чьими данными владеет, какие события публикует. Контракты выношу отдельно: OpenAPI, AsyncAPI. Бизнесу показываю контекст и потоки, разработке - контейнеры и контракты. Один словарь терминов на всех. Плюс: уровни C4 под разную аудиторию + каталог ответственности + контракты + единый глоссарий.","Катя, 7 вопросов с мок-собесов"
Что такое BFF (Backend for Frontend) и зачем он нужен в микросервисах?,"Представь, что интервьюер просит тебя объяснить архитектурное решение на реальном продукте.",мидл,архитектура,Мобильное и веб-приложение с разными потребностями в данных. Как BFF помогает?,"интервьюер хочет проверить, как ты применишь ответ на практике.",Чем BFF отличается от обычного API Gateway?,Теперь интервьюер углубляет кейс и проверяет последствия твоего решения.,"BFF - это бэкенд для фронтенда, слой между приложением и сервисами. Минус: расшифровал аббревиатуру, но не объяснил, какую проблему он решает.","BFF собирает данные из нескольких сервисов под конкретный клиент, чтобы фронт не делал много запросов. У мобильного и веба могут быть свои BFF. Минус: суть уловил, но не отделяет BFF от API Gateway и не называет цену лишнего слоя.","BFF - отдельный бэкенд под конкретный тип клиента. Мобильному нужен компактный ответ и меньше запросов, вебу - больше данных за раз; вместо того чтобы тащить эту логику в каждый сервис или в клиент, BFF агрегирует вызовы и отдает ровно тот формат, что нужен клиенту. Отличие от API Gateway: gateway - общий технический слой (аутентификация, маршрутизация, rate limiting) для всех, а BFF - клиентоориентированный, со своей сборкой под мобильный или веб. Минус - лишний слой и дублирование. Плюс: проблема + сценарий + отличие от gateway.","Катя, 7 вопросов с мок-собесов"
Как спланируешь миграцию данных из старой системы в новую без потерь?,"Представь, что собеседование дошло до хранения данных и практических решений по базе.",мидл-сеньор,бд,"Как проверишь, что данные перенеслись корректно и ничего не потерялось?","интервьюер хочет проверить, как ты применишь ответ на практике.",Старая система еще работает и данные меняются во время переноса. Что делаешь?,Теперь интервьюер углубляет кейс и проверяет последствия твоего решения.,"Выгружу данные из старой базы и загружу в новую. Проверю, что записи на месте. Минус: одноразовый перенос без плана отката и без учета, что данные меняются по ходу.","Делаю выгрузку и загрузку с маппингом полей, сверяю количество записей. Миграцию проводить в окно, когда система не используется. Минус: сверки по числу записей мало, окно простоя не всегда возможно, нет плана отката.","План: маппинг полей, миграция батчами, сверка не только по количеству, но и по ключевым агрегатам. Если систему нельзя останавливать: переносить исторические данные, догонять изменения, какое-то время писать в обе системы, переключать чтение, потом отключать старую. На каждом шаге - план отката. Плюс: план + проверки + миграция без простоя + откат.","Катя, 7 вопросов с мок-собесов"
Как описываешь нефункциональные требования к системе?,"Представь, что интервьюер проверяет, как ты работаешь с требованиями в реальном проекте.",мидл-сеньор,требования,Бизнес говорит система должна быть быстрой и надежной. Переформулируй в измеримые NFR.,"интервьюер хочет проверить, как ты применишь ответ на практике.","Что такое SLI, SLO, SLA и как пропишешь их в постановке?",Теперь интервьюер углубляет кейс и проверяет последствия твоего решения.,"Пишу, что система должна работать быстро и не падать. Минус: нет измеримости. Быстро - это пожелание, а не требование.","Описываю время ответа, доступность в процентах, нагрузку. Например, ответ за 200 мс, доступность 99.9%. Минус: есть цифры, но нет понимания, откуда они и как договариваться с бизнесом.","NFR - измеримые ограничения. Начинаю с бизнес-контекста: сколько пользователей, какая критичность. Формулирую через перцентили: p95 < 200 мс при нагрузке 1000 RPS, доступность 99.9% (это 8.7 часов даунтайма в год). SLA - что гарантируем бизнесу. В постановке всегда указываю условия замера: не просто 200 мс, а 200 мс при нагрузке X в нормальных условиях. Плюс: методология + конкретика + разница цифр в понимании.","Катя, 7 вопросов с мок-собесов"
"Расскажи, что такое REST: основные принципы, HTTP-методы, статус-коды.","Представь, что на собеседовании обсуждают обмен данными между сервисами и надежность интеграций.",джун,интеграции,Чем отличается PUT от PATCH? Когда использовать 422 вместо 400?,"интервьюер хочет проверить, как ты применишь ответ на практике.",Что такое идемпотентность и где передается idempotency-key в POST-запросе?,Теперь интервьюер углубляет кейс и проверяет последствия твоего решения.,Перечисляет методы GET/POST/PUT/DELETE и пару кодов. Минус: набор фактов без семантики.,"Объясняет методы и коды корректно, знает про stateless. Минус: не различает близкие коды и не объясняет выбор.","REST - архитектурный стиль: ресурсы в URI, stateless, единообразный интерфейс, семантика через HTTP-методы. PUT заменяет ресурс целиком (непереданные поля обнуляются), PATCH меняет только переданные поля; оба идемпотентны по спецификации, POST - нет. 400 - синтаксически некорректный запрос, 422 - синтаксис верный, но нарушены бизнес-правила валидации. Идемпотентность POST достигается через idempotency-key в заголовке: сервер кэширует ответ по ключу и на повтор отдает тот же результат.","Катя, Карта зон роста"
"Спроектируй REST-эндпоинт: что опишешь в запросе, ответе, ошибках, версионировании?","Представь, что на собеседовании обсуждают обмен данными между сервисами и надежность интеграций.",мидл,интеграции,Как обеспечить обратную совместимость при изменении контракта API?,"интервьюер хочет проверить, как ты применишь ответ на практике.","Как правильно описать пагинацию - что в запросе, что в ответе? В чём разница для нагруженной системы?",Теперь интервьюер углубляет кейс и проверяет последствия твоего решения.,"Пишет URL и метод, примерный JSON. Минус: нет ошибок, версионирования, валидации.","Описывает запрос, ответ, основные коды ошибок, версию в URL. Минус: не думает про эволюцию контракта и нагрузку.","В постановке: метод, URI, path/query-параметры, тело запроса с типами и обязательностью, тело ответа, полный список кодов ошибок с бизнес-смыслом, авторизация, идемпотентность, лимиты. Обратная совместимость: только аддитивные изменения (новые опциональные поля), не удалять и не переименовывать существующие, не менять типы; ломающие изменения - через новую версию (/v2 или заголовок), со сроком жизни старой. Пагинация: offset/limit проста, но на больших смещениях деградирует - БД всё равно сканирует пропущенные строки; для нагруженных систем cursor-based (keyset) по стабильному ключу. В ответе - сами данные + метаданные (курсор/общее число, если оно дешево считается).","Катя, Карта зон роста"
"Расскажи основы Kafka: что такое брокер, топик, партиция, консьюмер-группа.","Представь, что на собеседовании обсуждают обмен данными между сервисами и надежность интеграций.",джун,интеграции,Чем отличается очередь от топика Kafka? Что будет если добавить нового консьюмера в группу?,"интервьюер хочет проверить, как ты применишь ответ на практике.",Что такое offset и как консьюмер может прочитать сообщение повторно? Где Kafka может потерять сообщения?,Теперь интервьюер углубляет кейс и проверяет последствия твоего решения.,"Называет термины, путает партицию и топик. Минус: определения без механики.","Объясняет структуру верно. Минус: не связывает с ребалансировкой, порядком и потерями.","Топик - логический канал, делится на партиции для параллелизма; порядок гарантируется только внутри партиции. Консьюмер-группа: одна партиция читается одним консьюмером группы, добавление консьюмера вызывает ребалансировку, лишние сверх числа партиций простаивают. Отличие от классической очереди: в Kafka сообщение не удаляется после чтения, оно живёт по retention, а позицию хранит offset - поэтому можно перечитать, сдвинув offset. Потери возможны: продюсер с acks=0/1 при падении лидера, коммит offset до обработки, истечение retention до прочтения.","Катя, Карта зон роста"
Спроектируй Kafka-интеграцию для разработчиков: что войдёт в постановку?,"Представь, что на собеседовании обсуждают обмен данными между сервисами и надежность интеграций.",сеньор,интеграции,Как описать в требованиях к Kafka-интеграции политики retry и гарантии доставки?,"интервьюер хочет проверить, как ты применишь ответ на практике.",Что делать если консьюмер упал в середине обработки сообщения? Как гарантировать exactly-once?,Теперь интервьюер углубляет кейс и проверяет последствия твоего решения.,"Опишу, что сервис читает из топика. Минус: нет контракта, ошибок, гарантий.","Опишу топик, формат сообщения, кто продюсер и консьюмер. Минус: нет retry, DLQ, идемпотентности.","В постановке: контекст задачи, sequence-диаграмма, топик и его партиционирование (ключ и почему), контракт сообщения с маппингом полей, схема и её эволюция (Schema Registry), логика чтения и записи, гарантии доставки и момент коммита offset, политика retry (сколько попыток, backoff), DLQ и что с ним делают дальше, correlation id для трассировки, требования к логированию и мониторингу лага. Exactly-once в чистом виде дорог: практичнее at-least-once + идемпотентный консьюмер по бизнес-ключу.","Катя, Карта зон роста"
"Что такое gRPC, чем отличается от REST и когда его применяют?","Представь, что на собеседовании обсуждают обмен данными между сервисами и надежность интеграций.",мидл,интеграции,Почему gRPC быстрее REST для межсервисного взаимодействия? Что под капотом?,"интервьюер хочет проверить, как ты применишь ответ на практике.",Как описать контракт gRPC-сервиса для команды разработки в proto?,Теперь интервьюер углубляет кейс и проверяет последствия твоего решения.,"gRPC - это способ вызова методов другого сервиса, быстрее REST. Минус: нет механики.","Знает про protobuf и HTTP/2, называет применение внутри системы. Минус: не объясняет trade-off и не описывает контракт.","gRPC - RPC поверх HTTP/2 с бинарной сериализацией protobuf и строгим контрактом в .proto. Быстрее REST+JSON за счёт: бинарный компактный формат вместо текстового JSON, мультиплексирование потоков в одном соединении HTTP/2, сжатие заголовков, поддержка стриминга. Применяют для внутреннего межсервисного взаимодействия, где важна латентность и строгий контракт; наружу для браузеров и публичных партнёров обычно оставляют REST - proto хуже читается человеком и требует кодогенерации. Контракт: в .proto описываются service с методами, message с полями и их номерами; номера полей нельзя переиспользовать - это основа обратной совместимости.","Катя, Карта зон роста"
Чем синхронная интеграция отличается от асинхронной и как выбрать нужную?,"Представь, что на собеседовании обсуждают обмен данными между сервисами и надежность интеграций.",джун-мидл,интеграции,Пользователь оплачивает заказ. Уведомление уходит в CRM. Какое взаимодействие где и почему?,"интервьюер хочет проверить, как ты применишь ответ на практике.",Webhooks - синхронное или асинхронное? Почему оба варианта подходят?,Теперь интервьюер углубляет кейс и проверяет последствия твоего решения.,"Синхронно - ждём ответ, асинхронно - не ждём. Минус: нет критериев выбора.","Синхронно - когда нужен ответ сразу, асинхронно - через брокер, когда можно подождать. Минус: не связывает с надёжностью и связанностью систем.","Синхронно - когда результат нужен здесь и сейчас для продолжения сценария и вызывающий готов ждать и падать вместе с вызываемым. Асинхронно - когда можно отложить, важна устойчивость и нужно развязать жизненные циклы систем. Оплата заказа - синхронно: пользователь ждёт результат, от него зависит следующий шаг. Уведомление в CRM - асинхронно через брокер: пользователю не важно, CRM может лежать, ретраи не должны блокировать оплату. Webhook - асинхронный по природе (вызывающая система не ждёт результата бизнес-обработки), но технически это обычный синхронный HTTP-вызов в обратную сторону; поэтому нужны подтверждение приёма, ретраи и идемпотентность на приёмнике.","Катя, Карта зон роста"
Чем монолит отличается от микросервисов и как проектируется каждый?,"Представь, что интервьюер просит тебя объяснить архитектурное решение на реальном продукте.",мидл,архитектура,Когда микросервисы - это плохой выбор? Назови 3 ситуации.,"интервьюер хочет проверить, как ты применишь ответ на практике.",Что такое распределённая транзакция и почему она сложнее в микросервисах?,Теперь интервьюер углубляет кейс и проверяет последствия твоего решения.,"Монолит - одно приложение, микросервисы - много маленьких. Минус: определение без trade-off.","Знает про независимый деплой и масштабирование. Минус: микросервисы как безусловное благо, не видит цену.","Микросервисы - это про организационную и операционную независимость, а не про размер кода: свой деплой, своя БД, своя команда. Цена: сеть между сервисами, распределённые данные, сложность эксплуатации. Плохой выбор: маленькая команда без DevOps-зрелости; неустоявшийся домен, где границы сервисов ещё поедут; сильно связанные данные, где почти каждая операция затрагивает несколько сервисов. Распределённая транзакция сложна тем, что нет общего ACID: нельзя откатить чужой сервис одним rollback. Решения - SAGA с компенсирующими операциями или 2PC (дорого и блокирует), плюс outbox для надёжной публикации событий.","Катя, Карта зон роста"
Расскажи про нотацию C4: какие уровни и что показывает каждый?,"Представь, что интервьюер просит тебя объяснить архитектурное решение на реальном продукте.",мидл,архитектура,Что показывает context-диаграмма в C4 и чем она отличается от container?,"интервьюер хочет проверить, как ты применишь ответ на практике.",Как на C4 отрисовать модульный монолит?,Теперь интервьюер углубляет кейс и проверяет последствия твоего решения.,"C4 - это способ рисовать архитектуру, четыре уровня. Минус: не различает уровни по назначению.","Называет context, container, component, code. Минус: не связывает уровень с аудиторией.","C4 - четыре уровня масштаба под разную аудиторию. Context: система как чёрный ящик, внешние акторы и системы - язык бизнеса. Container: развёртываемые единицы (сервисы, БД, фронт) и протоколы между ними - язык разработки и инфраструктуры. Component: внутренности одного контейнера. Code: почти не рисуют, генерируют. Модульный монолит на C4: на уровне container это один контейнер (приложение) плюс БД, а модули и их границы показываются на уровне component - именно так видно, что монолит модульный, а не размазанный.","Катя, Карта зон роста"
"Как спроектируешь схему БД: ER-модель, нормализация, связи many-to-many?","Представь, что собеседование дошло до хранения данных и практических решений по базе.",джун-мидл,бд,Как развязать связь многие-ко-многим? Нарисуй на примере пользователи и роли.,"интервьюер хочет проверить, как ты применишь ответ на практике.",Что такое нормализация до 3НФ и зачем она нужна? Где она мешает?,Теперь интервьюер углубляет кейс и проверяет последствия твоего решения.,Нарисую таблицы и свяжу их. Минус: нет нормализации и понимания связей.,"Строю ER, нормализую, связь многие-ко-многим через промежуточную таблицу. Минус: нормализация как догма, без trade-off.","Многие-ко-многим развязывается связующей таблицей: users, roles и user_roles с двумя FK и составным первичным ключом (user_id, role_id) - это заодно запрещает дубли. В связующую таблицу часто добавляют атрибуты самой связи: кто выдал роль и когда. 3НФ - каждый неключевой атрибут зависит от ключа целиком и не зависит от других неключевых; цель - убрать аномалии вставки/обновления/удаления и дублирование. Мешает на тяжёлом чтении: много JOIN на горячих запросах и в аналитике - там осознанно денормализуют, принимая цену рассинхронизации.","Катя, Карта зон роста"
"Насколько ты владеешь SQL: JOIN, GROUP BY, подзапросы?","Представь, что собеседование дошло до хранения данных и практических решений по базе.",джун-мидл,бд,Чем LEFT JOIN отличается от INNER JOIN? Приведи пример где результат разный.,"интервьюер хочет проверить, как ты применишь ответ на практике.","Что такое индекс и когда он ускоряет запрос, а когда замедляет вставку?",Теперь интервьюер углубляет кейс и проверяет последствия твоего решения.,"Пишу SELECT, знаю JOIN. Минус: нет понимания планов и стоимости.","Уверенно пишу JOIN, GROUP BY, подзапросы. Минус: не думает про производительность и индексы.","INNER JOIN оставляет только совпавшие пары; LEFT JOIN оставляет все строки левой таблицы, подставляя NULL там, где справа нет пары. Разный результат: список пользователей и их заказов - INNER потеряет пользователей без заказов, LEFT покажет их с NULL. Частая ловушка: условие на правую таблицу в WHERE вместо ON превращает LEFT JOIN обратно в INNER. Индекс - отдельная структура для быстрого поиска: ускоряет фильтрацию, сортировку и JOIN по индексированным колонкам, но каждый индекс нужно поддерживать при INSERT/UPDATE/DELETE, он занимает место, и на таблице с интенсивной записью лишние индексы дают заметную просадку. Плюс оптимизатор может проигнорировать индекс, если выборка возвращает большую долю таблицы.","Катя, Карта зон роста"
"Как написать постановку на API-интеграцию, чтобы разработчик реализовал её без вопросов?","Представь, что интервьюер проверяет, как ты работаешь с требованиями в реальном проекте.",мидл,требования,Что должно быть в постановке на REST-эндпоинт кроме URL и метода?,"интервьюер хочет проверить, как ты применишь ответ на практике.","Как описать сценарии ошибок в постановке? Что разработчик должен сделать при 503, 400, 401, 403?",Теперь интервьюер углубляет кейс и проверяет последствия твоего решения.,"Опишу метод, URL и что он делает. Минус: разработчик придёт с десятком вопросов.","Опишу запрос, ответ, основные ошибки. Минус: нет NFR, авторизации, ретраев, логирования.","Кроме метода и URI: контекст и бизнес-цель, sequence-диаграмма, описание всех параметров с типами, обязательностью и правилами валидации, тело запроса и ответа с примерами, полный перечень ошибок с бизнес-трактовкой, авторизация, идемпотентность, таймауты и политика ретраев, NFR (latency, RPS), требования к логированию и correlation id. По кодам: 400 - клиент прислал некорректный запрос, ретраить бессмысленно, чинить запрос; 401 - не аутентифицирован, обновить токен и повторить один раз; 403 - аутентифицирован, но нет прав, ретрай не поможет, эскалация; 503 - временная недоступность, ретрай с экспоненциальным backoff и jitter, ограниченное число попыток, дальше circuit breaker и fallback-сценарий для пользователя.","Катя, Карта зон роста"
Как ты собираешь требования с бизнеса и фиксируешь договорённости?,"Представь, что интервьюер проверяет, как ты работаешь с требованиями в реальном проекте.",джун-мидл,требования,Бизнес говорит хочу уведомления. Какие 5 уточняющих вопросов ты задашь?,"интервьюер хочет проверить, как ты применишь ответ на практике.",Как зафиксировать договорённость чтобы через 2 недели никто не сказал я такого не говорил?,Теперь интервьюер углубляет кейс и проверяет последствия твоего решения.,"Спрошу, что нужно, и запишу. Минус: пересказ хотелок без выявления скрытого.","Провожу интервью, задаю уточняющие вопросы, пишу в задачу. Минус: нет работы с противоречиями и фиксацией.","Пять вопросов по уведомлениям: кому (сегмент получателей), по какому событию и с какой задержкой допустимо, по какому каналу (push/email/sms) и что если канал недоступен, что именно в тексте и кто его владелец, что при массовой отправке - лимиты, отписка, дубли. Плюс всегда спрашиваю, какую проблему решаем и как поймём, что решили. Фиксация: письменный артефакт в едином месте (задача, спека), а не в переписке; протокол встречи с решениями и владельцами сразу после встречи; явное подтверждение от стейкхолдера - хотя бы отбитое сообщение подтверждаю; версионирование и changelog изменений требований, чтобы было видно, кто и когда что поменял.","Катя, Карта зон роста"
Как ты декомпозируешь большой эпик на задачи для разработчиков?,"Представь, что интервьюер проверяет, как ты работаешь с требованиями в реальном проекте.",мидл,требования,Тебе дали эпик внедрить платёжный модуль. С чего начнёшь декомпозицию?,"интервьюер хочет проверить, как ты применишь ответ на практике.",Как определить минимальный объём задачи который можно взять в спринт?,Теперь интервьюер углубляет кейс и проверяет последствия твоего решения.,Разобью на несколько задач по логике. Минус: разбиение по слоям или на глаз.,"Разбиваю на функциональные куски, оцениваю каждый. Минус: нет критериев готовности и вертикальных срезов.","Начинаю не с задач, а с границ: какой сценарий пользователя, какие внешние системы, где границы ответственности. Дальше строю карту сценариев и режу вертикально - тонкими срезами, каждый из которых даёт работающий кусок ценности (например, оплата картой одним способом без сохранения карты), а не горизонтально по слоям (сначала вся БД, потом весь бэкенд). По платёжному модулю: сначала happy path одного способа оплаты, потом ошибки и таймауты провайдера, потом возвраты, потом остальные способы. Критерий минимальной задачи: понятны вход и выход, есть критерии приёмки, реализуема за спринт одной командой, не требует другой незакрытой задачи, и результат можно продемонстрировать.","Катя, Карта зон роста"
"Как ты описываешь требования к атрибутам качества: производительность, доступность, масштабируемость?","Представь, что интервьюер проверяет, как ты работаешь с требованиями в реальном проекте.",мидл-сеньор,требования,Система должна быть быстрой - это NFR? Как переформулировать корректно?,"интервьюер хочет проверить, как ты применишь ответ на практике.",Что такое SLO и SLA и как ты их формулируешь в постановке задачи? Где взять эти цифры под систему?,Теперь интервьюер углубляет кейс и проверяет последствия твоего решения.,"Пишу, что система должна быть быстрой и доступной. Минус: неизмеримо.","Пишу конкретные числа: 200 мс, 99.9%. Минус: числа взяты с потолка, нет условий замера.","Быстро - это не NFR, это пожелание: нет метрики, значения, условий замера и способа проверки. Корректно: p95 времени ответа не более 300 мс при нагрузке 500 RPS в течение часа пиковой нагрузки. SLI - сама метрика (доля успешных ответов, latency). SLO - внутренняя цель по этой метрике (99.9% за месяц). SLA - внешнее обязательство перед клиентом с последствиями за нарушение; SLA всегда мягче SLO, чтобы был запас. Цифры беру не из головы: из фактической телеметрии текущей системы, из бизнес-контекста (сколько стоит минута простоя, сколько пользователей в пике), из ограничений смежных систем. И всегда проверяю цену: 99.99% против 99.9% - это другой бюджет на резервирование, и бизнес должен осознанно за это заплатить.","Катя, Карта зон роста"
Что такое API Gateway и зачем он нужен? Является ли он точкой отказа?,"Представь, что интервьюер просит тебя объяснить архитектурное решение на реальном продукте.",мидл,архитектура,"Какие функции выносят в gateway, а какие оставляют в сервисах?","интервьюер хочет проверить, как ты применишь ответ на практике.",Как избежать превращения gateway в узкое место?,Теперь интервьюер углубляет кейс и проверяет последствия твоего решения.,"Gateway - это вход в систему, через него идут запросы. Минус: нет функций и рисков.","Знает про маршрутизацию, авторизацию, rate limiting. Минус: не видит его как точку отказа.","API Gateway - единая точка входа: маршрутизация, аутентификация и авторизация, rate limiting, терминация TLS, агрегация метрик и логов, версионирование внешнего API. В сервисах остаётся бизнес-логика и доменная авторизация - в gateway её тащить нельзя, иначе он превращается в God Object. Да, это архитектурная точка отказа: если gateway лёг, недоступна вся система. Лечится резервированием (несколько инстансов за балансировщиком, разные зоны),healthcheck и автоматическим failover, отсутствием состояния в самом gateway, ограничением логики в нём и мониторингом его латентности отдельно от сервисов.","Веб, частые вопросы 2026"
Что такое хореография и оркестрация? В чём отличия?,"Представь, что интервьюер просит тебя объяснить архитектурное решение на реальном продукте.",сеньор,архитектура,"Можно ли построить систему только на хореографии, без оркестрации?","интервьюер хочет проверить, как ты применишь ответ на практике.",Ты добавляешь новый микросервис в существующую хореографию. Как не сломать остальных?,Теперь интервьюер углубляет кейс и проверяет последствия твоего решения.,"Оркестрация - есть главный, хореография - нет. Минус: определение без последствий.",Объясняет разницу и приводит пример. Минус: не называет цену каждого подхода.,"Оркестрация: центральный координатор явно вызывает шаги и знает весь процесс - легко отследить и отладить, весь сценарий в одном месте, но координатор становится узким местом и точкой связанности. Хореография: сервисы публикуют события и реагируют на чужие, центра нет - слабая связанность и лёгкое добавление подписчиков, но общий процесс нигде не описан целиком, отладка и отслеживание состояния сложнее, легко получить неявные циклы. Только на хореографии построить можно, но на сложных процессах с компенсациями и таймаутами это дорого: обычно длинные бизнес-процессы оркеструют, а уведомления и побочные эффекты делают хореографией. Новый подписчик безопасен, если он только читает существующие события и не меняет их контракт, не публикует события с уже занятыми именами и идемпотентен - тогда остальные его просто не замечают.","Веб, частые вопросы 2026"
Чем Kafka отличается от RabbitMQ и что выбрать под задачу?,"Представь, что на собеседовании обсуждают обмен данными между сервисами и надежность интеграций.",мидл,интеграции,"Куда пойдёт сообщение, если консьюмер прочитал его в Kafka - оно удалится?","интервьюер хочет проверить, как ты применишь ответ на практике.",В каком случае RabbitMQ будет лучше Kafka?,Теперь интервьюер углубляет кейс и проверяет последствия твоего решения.,"Оба брокеры сообщений, Kafka популярнее. Минус: нет критериев выбора.","Kafka - лог, RabbitMQ - очередь. Минус: знает ярлыки, не связывает с задачей.","Kafka - распределённый лог: сообщения не удаляются после чтения, хранятся по retention, консьюмер держит offset и может перечитать; сильна в высокой пропускной способности, стриминге, нескольких независимых потребителях одного потока событий. RabbitMQ - классический брокер с очередями и гибкой маршрутизацией (exchange, routing key): сообщение удаляется после ack, есть приоритеты, TTL, встроенный DLX. RabbitMQ лучше, когда нужна сложная маршрутизация, per-message TTL и приоритеты, паттерн task queue с конкурирующими воркерами и умеренный объём. Kafka лучше, когда нужны реплей событий, аудит, несколько разных подписчиков и большие объёмы.","Веб, частые вопросы 2026"
Что такое CAP-теорема и как она влияет на проектирование?,"Представь, что интервьюер просит тебя объяснить архитектурное решение на реальном продукте.",сеньор,архитектура,Что на практике выбирают чаще - CP или AP? Приведи пример каждого.,"интервьюер хочет проверить, как ты применишь ответ на практике.",Что такое eventual consistency и когда она недопустима?,Теперь интервьюер углубляет кейс и проверяет последствия твоего решения.,"Consistency, Availability, Partition tolerance - можно выбрать два. Минус: заученная формулировка.","Объясняет три свойства и компромисс. Минус: не понимает, что P не выбирают.","Формулировка выбери два из трёх вводит в заблуждение: в распределённой системе сетевые разделения происходят, значит P не опция, а данность. Реальный выбор - что делать во время разделения: отказать в обслуживании ради согласованности (CP) или ответить возможно устаревшими данными ради доступности (AP). CP - платежи, остатки на счетах: лучше ошибка, чем двойное списание. AP - лента, каталог, счётчики просмотров: устаревшие данные на секунду безвредны. Eventual consistency - гарантия, что реплики сойдутся когда-нибудь при отсутствии новых записей; недопустима там, где решение принимается по данным и цена ошибки высока: списание денег, бронирование последнего места, проверка прав доступа.","Веб, частые вопросы 2026"
"Как ты обеспечиваешь безопасность API: аутентификация, авторизация, защита данных?","Представь, что в проекте нужно учесть безопасность еще на этапе системного анализа.",мидл,безопасность,Что внутри JWT и почему нельзя хранить в нём чувствительные данные?,"интервьюер хочет проверить, как ты применишь ответ на практике.",Чем аутентификация отличается от авторизации? Где проверяется каждая?,Теперь интервьюер углубляет кейс и проверяет последствия твоего решения.,"Есть токен, по нему пускают. Минус: путает аутентификацию и авторизацию.",Знает про JWT и OAuth. Минус: не понимает структуру токена и границы доверия.,"Аутентификация - кто ты (проверка личности, выдача токена), авторизация - что тебе можно (проверка прав на конкретный ресурс). Аутентификацию обычно терминируют на gateway, доменную авторизацию проверяет сам сервис - он единственный знает, чей это объект. JWT - три части: header, payload, signature, разделённые точками. Payload закодирован base64, а не зашифрован: его читает любой, кто перехватил токен, поэтому персональные данные, номера карт и внутренние секреты туда класть нельзя - только идентификаторы и роли. Подпись защищает от подмены, но не от чтения. Плюс: короткий TTL access-токена и refresh-токен, HTTPS обязателен, отзыв через blacklist или короткий срок жизни, проверка issuer и audience.","Веб, частые вопросы 2026"
Как защитить callback-эндпоинт для вебхуков от внешней системы?,"Представь, что в проекте нужно учесть безопасность еще на этапе системного анализа.",сеньор,безопасность,"Как убедиться, что вебхук пришёл действительно от провайдера?","интервьюер хочет проверить, как ты применишь ответ на практике.",Провайдер прислал один и тот же вебхук трижды. Что должно произойти?,Теперь интервьюер углубляет кейс и проверяет последствия твоего решения.,"Проверю, что запрос пришёл на наш URL. Минус: любой может дёрнуть эндпоинт.","Проверю токен в заголовке. Минус: нет подписи, replay-защиты, идемпотентности.","Подлинность: HMAC-подпись тела запроса секретом, известным обеим сторонам, - провайдер кладёт её в заголовок, мы пересчитываем и сравниваем; сравнение constant-time. Плюс allowlist IP провайдера и mTLS, если поддерживается. Защита от replay: в подпись включается timestamp, запросы старше нескольких минут отбрасываются. Идемпотентность обязательна: у события есть свой id, мы сохраняем обработанные id и на повтор отвечаем 200, не обрабатывая заново - провайдеры ретраят по таймауту, и три одинаковых вебхука это норма, а не аномалия. Отвечать 200 нужно быстро, до тяжёлой обработки: приняли, положили в очередь, ответили - иначе провайдер посчитает доставку неуспешной и пришлёт ещё раз.","Веб, частые вопросы 2026"
"Как ты будешь описывать интеграцию, если внешняя система периодически недоступна?","Представь, что на собеседовании обсуждают обмен данными между сервисами и надежность интеграций.",мидл-сеньор,интеграции,Что такое circuit breaker и зачем он нужен поверх ретраев?,"интервьюер хочет проверить, как ты применишь ответ на практике.",Когда ретраи опасны?,Теперь интервьюер углубляет кейс и проверяет последствия твоего решения.,"Будем повторять запрос, пока не получится. Минус: бесконечные ретраи добьют внешнюю систему.","Настроим ретраи с таймаутом. Минус: нет backoff, нет предохранителя, нет идемпотентности.","Слоями: таймаут на каждый вызов (обязательно, иначе поток висит), ретраи с экспоненциальным backoff и jitter, ограниченное число попыток, circuit breaker, fallback-сценарий и явное поведение для пользователя. Circuit breaker нужен поверх ретраев потому, что ретраи при массовом сбое усиливают нагрузку и добивают уже упавшую систему; предохранитель после N ошибок размыкает цепь и какое-то время отвечает отказом мгновенно, потом пропускает пробный запрос. Ретраи опасны, когда операция неидемпотентна: повтор создания платежа или заказа без idempotency-key даст дубль - формально таймаут не означает, что операция не выполнилась. Поэтому либо идемпотентность на стороне провайдера, либо перевод в асинхронный сценарий со сверкой статуса.","Веб, частые вопросы 2026"
В чём отличие верификации требований от валидации?,"Представь, что интервьюер проверяет, как ты работаешь с требованиями в реальном проекте.",мидл,требования,Кто участвует в каждой из процедур?,"интервьюер хочет проверить, как ты применишь ответ на практике.","Требование прошло верификацию, но провалило валидацию. Что это значит?",Теперь интервьюер углубляет кейс и проверяет последствия твоего решения.,Это про проверку требований. Минус: не различает.,"Верификация - правильно ли написано, валидация - то ли написали. Минус: определение без практики.","Верификация - делаем ли мы продукт правильно: требование корректно, непротиворечиво, измеримо, трассируемо, тестируемо. Проверяют аналитик, разработка, тестирование, архитектор - внутренняя команда. Валидация - делаем ли мы правильный продукт: требование действительно решает проблему бизнеса и пользователя. Проверяют заказчик и пользователи, через демо, прототипы, пилот. Пройти верификацию и провалить валидацию - классика: требование написано безупречно, реализуемо и протестировано, но решает не ту проблему или уже неактуально - деньги потрачены на аккуратно сделанную ненужную вещь. Поэтому валидацию нельзя откладывать до приёмки.","Веб, частые вопросы 2026"
Какие нотации моделирования применяешь и под какие задачи?,"Представь, что интервьюер проверяет, как ты работаешь с требованиями в реальном проекте.",джун-мидл,требования,Чем Sequence-диаграмма отличается от Activity? Когда что берёшь?,"интервьюер хочет проверить, как ты применишь ответ на практике.",Чем BPMN отличается от UML Activity?,Теперь интервьюер углубляет кейс и проверяет последствия твоего решения.,Рисую блок-схемы и диаграммы. Минус: нет системы выбора.,"Знаю UML и BPMN, рисую sequence и activity. Минус: выбирает по привычке, а не по задаче.","Выбираю нотацию под вопрос, на который отвечаю. Sequence - взаимодействие во времени: кто кого вызывает, в каком порядке, синхронно или нет, где таймауты и ошибки; главный инструмент для интеграций. Activity - алгоритм и ветвления внутри процесса, ближе к блок-схеме. BPMN - бизнес-процесс с участниками (пулы, дорожки), событиями и исполнителями; понятен бизнесу и, в отличие от Activity, исполним движком. State machine - жизненный цикл сущности и допустимые переходы, незаменима для статусной модели заказа. ER - структура данных. C4 - архитектура. Правило: одна диаграмма отвечает на один вопрос одной аудитории.","Веб, частые вопросы 2026"
Что такое stateless и stateful применительно к сервисам? REST - какой из них?,"Представь, что интервьюер просит тебя объяснить архитектурное решение на реальном продукте.",джун-мидл,архитектура,Почему stateless проще масштабировать?,"интервьюер хочет проверить, как ты применишь ответ на практике.","Где тогда живёт сессия пользователя, если сервис stateless?",Теперь интервьюер углубляет кейс и проверяет последствия твоего решения.,Stateless - без состояния. Минус: определение без следствий.,"Stateless не хранит состояние между запросами, REST stateless. Минус: не объясняет, зачем это нужно.","Stateless-сервис не хранит состояние клиента между запросами: каждый запрос самодостаточен и содержит всё нужное для обработки. REST по определению stateless - в этом одно из его ограничений. Масштабировать проще потому, что любой инстанс может обработать любой запрос: можно добавлять и убивать поды без липких сессий, балансировщик не обязан помнить, куда ходил клиент, падение инстанса не теряет пользовательский контекст. Состояние при этом никуда не исчезает - оно выносится: в токен на стороне клиента (JWT), во внешнее хранилище (Redis, БД) или передаётся в самом запросе. Stateless - это не отсутствие состояния в системе, а отсутствие его в памяти конкретного инстанса.","Веб, частые вопросы 2026"
Как аналитику описать rate limiting в требованиях к API?,"Представь, что в проекте нужно учесть безопасность еще на этапе системного анализа.",мидл,безопасность,Какой код ответа вернуть при превышении лимита и что положить в заголовки?,"интервьюер хочет проверить, как ты применишь ответ на практике.",Лимит на пользователя или на IP? В чём разница и когда что?,Теперь интервьюер углубляет кейс и проверяет последствия твоего решения.,Ограничим число запросов. Минус: нет параметров и поведения.,"Например, 100 запросов в минуту, дальше ошибка. Минус: нет кода, заголовков, алгоритма.","В требованиях: субъект лимита (пользователь, API-ключ, IP, tenant), значение и окно (100 запросов в минуту), алгоритм (fixed window прост, но даёт всплеск на стыке окон; sliding window точнее; token bucket допускает контролируемый burst), поведение при превышении и исключения для внутренних клиентов. Ответ: 429 Too Many Requests, обязательно Retry-After с указанием, когда можно повторить, плюс заголовки с лимитом, остатком и временем сброса - иначе клиент будет долбиться вслепую. Лимит по IP ловит анонимных и ботов, но бьёт по всем за одним NAT (офис, мобильный оператор) и обходится сменой адреса. Лимит по пользователю или API-ключу справедлив и точен, но требует аутентификации, поэтому на публичных эндпоинтах их комбинируют.","Веб, частые вопросы 2026"
Что такое correlation id и зачем он нужен?,"Представь, что на собеседовании обсуждают обмен данными между сервисами и надежность интеграций.",джун-мидл,интеграции,Кто его генерирует и как он живёт в асинхронной цепочке через брокер?,"интервьюер хочет проверить, как ты применишь ответ на практике.",Чем correlation id отличается от идентификатора бизнес-операции?,Теперь интервьюер углубляет кейс и проверяет последствия твоего решения.,"Это идентификатор запроса. Минус: не понимает, зачем.","Нужен, чтобы найти запрос в логах. Минус: не связывает с распределённой трассировкой.","Correlation id - сквозной идентификатор, который проходит через все сервисы в рамках одной операции и позволяет собрать её след из логов разных систем; без него в микросервисах разбор инцидента превращается в археологию. Генерирует его первый принявший запрос (обычно gateway), если клиент не прислал свой; дальше он прокидывается в заголовке при синхронных вызовах и в заголовке сообщения при публикации в брокер - именно поэтому в контракте сообщения его нужно предусмотреть заранее, иначе асинхронная ветка теряет связь. Бизнес-идентификатор (номер заказа) живёт в домене и понятен пользователю, correlation id технический и живёт одну операцию: по одному заказу может пройти десяток операций с разными correlation id.","Веб, частые вопросы 2026"
Что должно быть в постановке для пользовательского интерфейса?,"Представь, что интервьюер проверяет, как ты работаешь с требованиями в реальном проекте.",джун-мидл,требования,"Как описываешь состояния экрана: загрузка, пустое, ошибка?","интервьюер хочет проверить, как ты применишь ответ на практике.","Кто владелец текстов и что делаешь, если макета ещё нет?",Теперь интервьюер углубляет кейс и проверяет последствия твоего решения.,"Приложу макет и опишу, что где нажимается. Минус: разработчик додумает половину.","Макет, описание полей и действий. Минус: нет состояний, валидаций, крайних случаев.","Макет плюс то, чего в макете нет: все состояния экрана (загрузка, пусто, частично загружено, ошибка сети, ошибка сервера, нет прав), правила валидации каждого поля и точные тексты ошибок, что происходит при потере связи и повторном нажатии кнопки, поведение при длинных значениях и граничных данных, права доступа - кто что видит, аналитика (какие события шлём), доступность и локализация. Тексты - зона ответственности продукта или редактора, но фиксирую их я в постановке, чтобы не было отсебятины в коде. Если макета нет - не жду его: описываю сценарий, поля, данные и правила, а верстку помечаю как зависимость с явным сроком, иначе задача встанет.","Веб, частые вопросы 2026"
Как построить интеграцию между личным кабинетом и сервисом банковской выписки при высокой нагрузке (40 млн запросов в месяц)? Каким способом перевести это в асинхронный режим? Как организовать потоки в Kafka и распределить данные по партициям?,"Представь, что интервьюер проверяет проектирование интеграции на практическом системном кейсе. Тема исходного документа: «Интеграция для формирования банковской выписки».",сеньор,интеграции,а если клиент запросит выписку за 3 года вместо 3 месяцев - решение то же?,Интервьюер усложняет исходный кейс и проверяет влияние большого диапазона данных на разбиение и SLA.,а что если одна из систем-источников данных временно недоступна - выписка формируется частично или ждёт всех?,Теперь интервьюер проверяет отказоустойчивость цепочки источников и последствия выбранного решения.,"Для долгой операции нужен асинхронный job: принять запрос, вернуть идентификатор и формировать выписку в фоне. Для джуна достаточно корректно назвать базовые понятия и ход решения; минусом будет ответ без применения к кейсу.","Для долгой операции нужен асинхронный job: принять запрос, вернуть идентификатор и формировать выписку в фоне. Нужно разделить команды и результаты по Kafka-топикам, выбрать ключ партиционирования по клиенту или заявке, обеспечить идемпотентность, ретраи и уведомление через push, webhook или polling. От мидла ожидается связное решение с контрактами, ошибками и ограничениями.","Для долгой операции нужен асинхронный job: принять запрос, вернуть идентификатор и формировать выписку в фоне. Нужно разделить команды и результаты по Kafka-топикам, выбрать ключ партиционирования по клиенту или заявке, обеспечить идемпотентность, ретраи и уведомление через push, webhook или polling. Сильный ответ оценивает объём и SLA, хранение статуса job, backpressure, DLQ, трассировку, частичный результат и политику деградации источников.",Google Doc «Вопросы для бота»: https://docs.google.com/document/d/1LSoS996VSoVt1HOYazlfqBFc5dgIQ3EmM72rivm6unc/edit?tab=t.0; опорный источник: https://kafka.apache.org/41/design/design/
Спроектировать методы создания задачи и получения задачи по ID.,"Представь, что интервьюер проверяет проектирование интеграции на практическом системном кейсе. Тема исходного документа: «Проектирование REST API для task-трекера».",джун-мидл,интеграции,а как спроектируете метод обновления статуса задачи - отдельный эндпоинт или общий PATCH?,Интервьюер усложняет исходный кейс и проверяет выбор семантики обновления ресурса.,"что вернете, если запросили задачу по несуществующему ID?",Теперь интервьюер проверяет контракт ошибок и отсутствие ресурса и последствия выбранного решения.,Создание: POST /tasks с телом и ответом 201; получение: GET /tasks/{id} с 200 или 404. Для джуна достаточно корректно назвать базовые понятия и ход решения; минусом будет ответ без применения к кейсу.,"Создание: POST /tasks с телом и ответом 201; получение: GET /tasks/{id} с 200 или 404. Нужно описать схему полей, обязательность, валидацию, авторизацию, единый формат ошибок и PATCH для частичного изменения. От мидла ожидается связное решение с контрактами, ошибками и ограничениями.","Создание: POST /tasks с телом и ответом 201; получение: GET /tasks/{id} с 200 или 404. Нужно описать схему полей, обязательность, валидацию, авторизацию, единый формат ошибок и PATCH для частичного изменения. Сильный ответ добавляет идемпотентность создания, optimistic locking, аудит статусов, пагинацию списка и правила обратной совместимости.",Google Doc «Вопросы для бота»: https://docs.google.com/document/d/1LSoS996VSoVt1HOYazlfqBFc5dgIQ3EmM72rivm6unc/edit?tab=t.0; опорный источник: https://www.rfc-editor.org/rfc/rfc9110
"В чём разница между HTTP и HTTPS, какие данные шифруются? Чем отличаются TCP и UDP?","Представь, что интервьюер проверяет проектирование интеграции на практическом системном кейсе. Тема исходного документа: «HTTP/HTTPS, TCP/UDP».",джун,интеграции,"а зачем тогда вообще нужен UDP, если он не гарантирует доставку?",Интервьюер усложняет исходный кейс и проверяет осознанный выбор транспорта под требования.,если сертификат на сервере просрочен - что увидит пользователь и что произойдёт с запросом?,Теперь интервьюер проверяет аутентификацию сервера сертификатом и последствия выбранного решения.,"HTTPS — HTTP поверх TLS: шифруются HTTP-заголовки и тело, а TCP обеспечивает порядок и доставку; UDP отправляет датаграммы без таких гарантий. Для джуна достаточно корректно назвать базовые понятия и ход решения; минусом будет ответ без применения к кейсу.","HTTPS — HTTP поверх TLS: шифруются HTTP-заголовки и тело, а TCP обеспечивает порядок и доставку; UDP отправляет датаграммы без таких гарантий. Нужно объяснить TLS-сертификат, проверку имени сервера и сценарии UDP: real-time, DNS, телеметрия, где важнее задержка. От мидла ожидается связное решение с контрактами, ошибками и ограничениями.","HTTPS — HTTP поверх TLS: шифруются HTTP-заголовки и тело, а TCP обеспечивает порядок и доставку; UDP отправляет датаграммы без таких гарантий. Нужно объяснить TLS-сертификат, проверку имени сервера и сценарии UDP: real-time, DNS, телеметрия, где важнее задержка. Сильный ответ различает уровни модели, не обещает скрытие IP/метаданных, говорит о TLS handshake, потере/переупорядочивании UDP и компенсации на уровне приложения.",Google Doc «Вопросы для бота»: https://docs.google.com/document/d/1LSoS996VSoVt1HOYazlfqBFc5dgIQ3EmM72rivm6unc/edit?tab=t.0; опорный источник: https://www.rfc-editor.org/rfc/rfc9110
Расшифровать элементы предложенной BPMN-схемы.,"Представь, что интервьюер проверяет работу аналитика с требованиями, моделями и командой. Тема исходного документа: «BPMN-диаграмма».",джун-мидл,требования,"а как на этой схеме показать, что после ошибки процесс должен вернуться на предыдущий шаг?",Интервьюер усложняет исходный кейс и проверяет моделирование возврата и ошибки.,чем промежуточное событие отличается от шлюза - в каком случае что использовать?,Теперь интервьюер проверяет различие события и управляющего шлюза и последствия выбранного решения.,"Кандидат должен различать события, задачи, шлюзы, sequence flow, message flow, пулы и дорожки. Для джуна достаточно корректно назвать базовые понятия и ход решения; минусом будет ответ без применения к кейсу.","Кандидат должен различать события, задачи, шлюзы, sequence flow, message flow, пулы и дорожки. Нужно читать токен процесса и объяснять, почему элемент выбран по семантике, а не по внешнему виду. От мидла ожидается связное решение с контрактами, ошибками и ограничениями.","Кандидат должен различать события, задачи, шлюзы, sequence flow, message flow, пулы и дорожки. Нужно читать токен процесса и объяснять, почему элемент выбран по семантике, а не по внешнему виду. Сильный ответ корректно моделирует ошибки, компенсации, параллельность и циклы, сохраняя диаграмму понятной бизнесу.",Google Doc «Вопросы для бота»: https://docs.google.com/document/d/1LSoS996VSoVt1HOYazlfqBFc5dgIQ3EmM72rivm6unc/edit?tab=t.0; опорный источник: https://www.omg.org/bpmn/
"Вывести ID групп с количеством студентов меньше 10, включая группы без единого студента.","Представь, что собеседование дошло до модели данных, SQL и гарантий хранения. Тема исходного документа: «SQL-задача: группы студентов».",мидл,бд,"а как изменится запрос, если нужно вывести не количество, а сами группы, отсортированные по числу студентов?",Интервьюер усложняет исходный кейс и проверяет работу агрегата и сортировку групп.,если у части студентов group_id пустой (NULL) - как это повлияет на результат?,Теперь интервьюер проверяет влияние NULL и направления связи и последствия выбранного решения.,"Нужен LEFT JOIN от groups к students, GROUP BY группы и HAVING COUNT(student.id) < 10; COUNT по полю не считает NULL. Для джуна достаточно корректно назвать базовые понятия и ход решения; минусом будет ответ без применения к кейсу.","Нужен LEFT JOIN от groups к students, GROUP BY группы и HAVING COUNT(student.id) < 10; COUNT по полю не считает NULL. Кандидат должен объяснить, почему INNER JOIN потеряет пустые группы, как влияет NULL group_id и как сортировать агрегат. От мидла ожидается связное решение с контрактами, ошибками и ограничениями.","Нужен LEFT JOIN от groups к students, GROUP BY группы и HAVING COUNT(student.id) < 10; COUNT по полю не считает NULL. Кандидат должен объяснить, почему INNER JOIN потеряет пустые группы, как влияет NULL group_id и как сортировать агрегат. Сильный ответ обсуждает корректный ключ группировки, COUNT(*), COUNT(column), план запроса и индексы по внешнему ключу.",Google Doc «Вопросы для бота»: https://docs.google.com/document/d/1LSoS996VSoVt1HOYazlfqBFc5dgIQ3EmM72rivm6unc/edit?tab=t.0; опорный источник: https://www.postgresql.org/docs/current/
"Опыт работы с UML, Cassandra, Redis, Kafka, чтение чужого кода.","Представь, что интервьюер просит обосновать архитектурное решение и его ограничения. Тема исходного документа: «Стек и инструменты».",мидл-сеньор,архитектура,а если бы вам предложили внедрить Cassandra на текущем проекте - в каком случае это было бы оправдано?,"Интервьюер усложняет исходный кейс и проверяет обоснование Cassandra требованиями, а не модой.","чем задача, для которой вы использовали Redis, отличалась от задачи, где нужна была бы обычная БД?",Теперь интервьюер проверяет границу между кэшем и системой записи и последствия выбранного решения.,"Важно не перечислить технологии, а связать UML, Cassandra, Redis, Kafka и чтение кода с конкретными задачами. Для джуна достаточно корректно назвать базовые понятия и ход решения; минусом будет ответ без применения к кейсу.","Важно не перечислить технологии, а связать UML, Cassandra, Redis, Kafka и чтение кода с конкретными задачами. Ожидаются критерии выбора: модель данных и нагрузка для Cassandra, TTL и допустимая потеря для Redis, события и порядок для Kafka. От мидла ожидается связное решение с контрактами, ошибками и ограничениями.","Важно не перечислить технологии, а связать UML, Cassandra, Redis, Kafka и чтение кода с конкретными задачами. Ожидаются критерии выбора: модель данных и нагрузка для Cassandra, TTL и допустимая потеря для Redis, события и порядок для Kafka. Сильный ответ называет ограничения, эксплуатационную цену, наблюдаемость и случаи, когда внедрять инструмент не следует.",Google Doc «Вопросы для бота»: https://docs.google.com/document/d/1LSoS996VSoVt1HOYazlfqBFc5dgIQ3EmM72rivm6unc/edit?tab=t.0; опорный источник: https://docs.aws.amazon.com/wellarchitected/latest/framework/welcome.html
"Причина смены работы, ожидания по зарплате, наличие офферов.","Представь, что интервьюер проверяет работу аналитика с требованиями, моделями и командой. Тема исходного документа: «Условия перехода».",джун-мидл,требования,а если оффер с текущим ожиданием по зарплате не поступит - готовы рассмотреть меньшую сумму?,Интервьюер усложняет исходный кейс и проверяет гибкость ожиданий без потери собственных границ.,что из текущих задач вам было бы жаль потерять при смене места?,Теперь интервьюер проверяет осознанный выбор следующей роли и последствия выбранного решения.,"Ожидается честная и нейтральная причина перехода без обесценивания прошлой команды, плюс понятные ожидания от роли. Для джуна достаточно корректно назвать базовые понятия и ход решения; минусом будет ответ без применения к кейсу.","Ожидается честная и нейтральная причина перехода без обесценивания прошлой команды, плюс понятные ожидания от роли. Ответ связывает зарплатные ожидания с рынком и ответственностью, а выбор оффера — с задачами, командой, ростом и условиями. От мидла ожидается связное решение с контрактами, ошибками и ограничениями.","Ожидается честная и нейтральная причина перехода без обесценивания прошлой команды, плюс понятные ожидания от роли. Ответ связывает зарплатные ожидания с рынком и ответственностью, а выбор оффера — с задачами, командой, ростом и условиями. Сильный ответ показывает приоритеты и границы, умеет обсуждать компромисс и не раскрывает лишние конфиденциальные детали.",Google Doc «Вопросы для бота»: https://docs.google.com/document/d/1LSoS996VSoVt1HOYazlfqBFc5dgIQ3EmM72rivm6unc/edit?tab=t.0; опорный источник: https://docs.google.com/document/d/1LSoS996VSoVt1HOYazlfqBFc5dgIQ3EmM72rivm6unc/edit?tab=t.0
"С чего начать проектирование интеграции четырех систем (приём заявки, скоринг, печать карты, выдача клиенту)? Нужно ли уведомлять клиента об изменении статуса и как? Как обрабатывать большое число одновременных заявок?","Представь, что интервьюер проверяет проектирование интеграции на практическом системном кейсе. Тема исходного документа: «Интеграция систем для выдачи кредитной карты».",мидл-сеньор,интеграции,"а если скоринг занимает не секунды, а несколько часов - меняется ли архитектура уведомлений?",Интервьюер усложняет исходный кейс и проверяет долгую операцию скоринга и уведомления.,"как вы предотвратите ситуацию, когда одна и та же заявка случайно обработается дважды?",Теперь интервьюер проверяет защиту от повторной обработки заявки и последствия выбранного решения.,"Нужно начать с процесса, владельцев данных, статусов заявки и контрактов четырёх систем. Для джуна достаточно корректно назвать базовые понятия и ход решения; минусом будет ответ без применения к кейсу.","Нужно начать с процесса, владельцев данных, статусов заявки и контрактов четырёх систем. Для долгих стадий подходят события и оркестрация со статусной моделью, идемпотентными обработчиками и уведомлениями клиента. От мидла ожидается связное решение с контрактами, ошибками и ограничениями.","Нужно начать с процесса, владельцев данных, статусов заявки и контрактов четырёх систем. Для долгих стадий подходят события и оркестрация со статусной моделью, идемпотентными обработчиками и уведомлениями клиента. Сильный ответ раскрывает saga/компенсации, дедупликацию, outbox, таймауты, DLQ, аудит и согласованность при отмене.",Google Doc «Вопросы для бота»: https://docs.google.com/document/d/1LSoS996VSoVt1HOYazlfqBFc5dgIQ3EmM72rivm6unc/edit?tab=t.0; опорный источник: https://kafka.apache.org/41/design/design/
"Как хранить фигуру для последующей отрисовки, помимо координат?","Представь, что интервьюер просит обосновать архитектурное решение и его ограничения. Тема исходного документа: «Хранение векторной фигуры».",мидл,архитектура,а если фигур на экране тысячи - структура хранения та же самая?,Интервьюер усложняет исходный кейс и проверяет масштабирование модели на тысячи объектов.,"как хранить информацию о том, что несколько фигур сгруппированы вместе?",Теперь интервьюер проверяет отношения и жизненный цикл сгруппированных фигур и последствия выбранного решения.,"Помимо координат нужны тип фигуры, геометрия, стиль, transform, z-index и идентификатор. Для джуна достаточно корректно назвать базовые понятия и ход решения; минусом будет ответ без применения к кейсу.","Помимо координат нужны тип фигуры, геометрия, стиль, transform, z-index и идентификатор. Группы лучше хранить через иерархию или отдельную сущность связи; формат должен поддерживать версионирование. От мидла ожидается связное решение с контрактами, ошибками и ограничениями.","Помимо координат нужны тип фигуры, геометрия, стиль, transform, z-index и идентификатор. Группы лучше хранить через иерархию или отдельную сущность связи; формат должен поддерживать версионирование. Сильный ответ разделяет модель и представление, учитывает пространственные индексы, батчевую загрузку, историю изменений и анимационные keyframes.",Google Doc «Вопросы для бота»: https://docs.google.com/document/d/1LSoS996VSoVt1HOYazlfqBFc5dgIQ3EmM72rivm6unc/edit?tab=t.0; опорный источник: https://docs.aws.amazon.com/wellarchitected/latest/framework/welcome.html
"Какая технология нужна, чтобы передавать биржевые котировки с минимальной задержкой?","Представь, что интервьюер проверяет проектирование интеграции на практическом системном кейсе. Тема исходного документа: «Передача биржевых данных в реальном времени».",мидл-сеньор,интеграции,а если у клиента слабое соединение и вебсокет постоянно рвётся - как обеспечить актуальность данных при переподключении?,Интервьюер усложняет исходный кейс и проверяет восстановление актуального состояния после reconnect.,"как убедиться, что клиент не получает устаревшие данные, если сообщения идут с разной скоростью?",Теперь интервьюер проверяет контроль частоты и устаревших сообщений и последствия выбранного решения.,Для двустороннего долгоживущего канала в браузере подходит WebSocket; сервер публикует обновления подписчикам. Для джуна достаточно корректно назвать базовые понятия и ход решения; минусом будет ответ без применения к кейсу.,"Для двустороннего долгоживущего канала в браузере подходит WebSocket; сервер публикует обновления подписчикам. Нужны sequence number или timestamp, snapshot после reconnect, heartbeat, повторная подписка и контролируемое объединение частых обновлений. От мидла ожидается связное решение с контрактами, ошибками и ограничениями.","Для двустороннего долгоживущего канала в браузере подходит WebSocket; сервер публикует обновления подписчикам. Нужны sequence number или timestamp, snapshot после reconnect, heartbeat, повторная подписка и контролируемое объединение частых обновлений. Сильный ответ обсуждает backpressure, conflation, гарантии порядка, авторизацию подписок, горизонтальное масштабирование и допустимую свежесть.",Google Doc «Вопросы для бота»: https://docs.google.com/document/d/1LSoS996VSoVt1HOYazlfqBFc5dgIQ3EmM72rivm6unc/edit?tab=t.0; опорный источник: https://www.rfc-editor.org/rfc/rfc6455
Какие вопросы нужно задать заказчику перед проектированием SMS-рассылки?,"Представь, что интервьюер проверяет работу аналитика с требованиями, моделями и командой. Тема исходного документа: «Проектирование SMS-рассылки».",мидл,требования,а если оператор связи временно недоступен - что происходит с сообщением?,Интервьюер усложняет исходный кейс и проверяет поведение при недоступности провайдера.,"нужно ли отслеживать, что SMS реально дошло до получателя, или достаточно факта отправки?",Теперь интервьюер проверяет бизнес-смысл подтверждения доставки и последствия выбранного решения.,"Нужно выяснить аудиторию, триггер, объём, сроки, шаблоны, персонализацию, согласия, ограничения и критерий доставки. Для джуна достаточно корректно назвать базовые понятия и ход решения; минусом будет ответ без применения к кейсу.","Нужно выяснить аудиторию, триггер, объём, сроки, шаблоны, персонализацию, согласия, ограничения и критерий доставки. Контракт включает статусы, provider message id, ретраи, дедупликацию, rate limit и delivery receipt. От мидла ожидается связное решение с контрактами, ошибками и ограничениями.","Нужно выяснить аудиторию, триггер, объём, сроки, шаблоны, персонализацию, согласия, ограничения и критерий доставки. Контракт включает статусы, provider message id, ретраи, дедупликацию, rate limit и delivery receipt. Сильный ответ учитывает несколько провайдеров, очередь, DLQ, quiet hours, стоимость, защиту персональных данных и метрики доставки.",Google Doc «Вопросы для бота»: https://docs.google.com/document/d/1LSoS996VSoVt1HOYazlfqBFc5dgIQ3EmM72rivm6unc/edit?tab=t.0; опорный источник: https://docs.aws.amazon.com/wellarchitected/latest/framework/welcome.html
В каких случаях запрос статуса заказа должен вернуть ошибку?,"Представь, что интервьюер проверяет проектирование интеграции на практическом системном кейсе. Тема исходного документа: «Обработка статуса заказа».",джун-мидл,интеграции,"а если заказ существует, но принадлежит другому пользователю - какую ошибку вернете?",Интервьюер усложняет исходный кейс и проверяет авторизацию на объектном уровне.,"чем ответ будет отличаться, если заказ удалён, а не просто не найден?",Теперь интервьюер проверяет семантику удалённого и отсутствующего ресурса и последствия выбранного решения.,"Ошибки возникают при неверном ID/формате, отсутствии заказа, отсутствии доступа и временной недоступности зависимости. Для джуна достаточно корректно назвать базовые понятия и ход решения; минусом будет ответ без применения к кейсу.","Ошибки возникают при неверном ID/формате, отсутствии заказа, отсутствии доступа и временной недоступности зависимости. Нужно различать 400, 401, 403, 404 и 5xx, но не раскрывать существование чужого ресурса, если это угроза безопасности. От мидла ожидается связное решение с контрактами, ошибками и ограничениями.","Ошибки возникают при неверном ID/формате, отсутствии заказа, отсутствии доступа и временной недоступности зависимости. Нужно различать 400, 401, 403, 404 и 5xx, но не раскрывать существование чужого ресурса, если это угроза безопасности. Сильный ответ задаёт единую модель ошибок, correlation id, правила для soft delete и идемпотентное чтение.",Google Doc «Вопросы для бота»: https://docs.google.com/document/d/1LSoS996VSoVt1HOYazlfqBFc5dgIQ3EmM72rivm6unc/edit?tab=t.0; опорный источник: https://www.rfc-editor.org/rfc/rfc9110
"Как рассчитывается стоимость билета, как привязан тираж к билету, где хранится комбинация и сумма ставки, когда становится известен размер выигрыша?","Представь, что собеседование дошло до модели данных, SQL и гарантий хранения. Тема исходного документа: «Проектирование сущностей лотереи/синдиката».",мидл-сеньор,бд,"а если тираж отменили после того, как билеты уже куплены - что происходит со ставками?",Интервьюер усложняет исходный кейс и проверяет отмену тиража и финансовую компенсацию.,"как хранить информацию, если правила расчета выигрыша со временем меняются?",Теперь интервьюер проверяет версионирование правил расчёта и последствия выбранного решения.,"Нужны сущности тиража, билета, комбинации, ставки, участника, платежа и результата с явными связями. Для джуна достаточно корректно назвать базовые понятия и ход решения; минусом будет ответ без применения к кейсу.","Нужны сущности тиража, билета, комбинации, ставки, участника, платежа и результата с явными связями. Цена и выигрыш должны вычисляться по версионируемым правилам, а билет хранить ссылку на версию правил и тираж. От мидла ожидается связное решение с контрактами, ошибками и ограничениями.","Нужны сущности тиража, билета, комбинации, ставки, участника, платежа и результата с явными связями. Цена и выигрыш должны вычисляться по версионируемым правилам, а билет хранить ссылку на версию правил и тираж. Сильный ответ учитывает неизменяемый финансовый журнал, дедлайны, отмену тиража, возвраты, конкурентные изменения и аудит.",Google Doc «Вопросы для бота»: https://docs.google.com/document/d/1LSoS996VSoVt1HOYazlfqBFc5dgIQ3EmM72rivm6unc/edit?tab=t.0; опорный источник: https://www.postgresql.org/docs/current/
"Какие эндпоинты нужны для работы с синдикатом, как фиксируется роль участника, как считается общая внесённая сумма?","Представь, что интервьюер проверяет проектирование интеграции на практическом системном кейсе. Тема исходного документа: «Проектирование эндпоинтов и полей синдиката».",мидл,интеграции,а если участник вышел из синдиката после внесения денег - как это отражается в системе?,Интервьюер усложняет исходный кейс и проверяет выход участника после денежной операции.,"может ли у синдиката быть больше одного организатора, или роль всегда одна на группу?",Теперь интервьюер проверяет кардинальность и права роли организатора и последствия выбранного решения.,"Нужны ресурсы syndicates, members, contributions, tickets и payouts с CRUD/командными операциями по бизнес-смыслу. Для джуна достаточно корректно назвать базовые понятия и ход решения; минусом будет ответ без применения к кейсу.","Нужны ресурсы syndicates, members, contributions, tickets и payouts с CRUD/командными операциями по бизнес-смыслу. Роль участника хранится в membership, сумма считается из подтверждённых взносов, а изменения защищаются авторизацией и идемпотентностью. От мидла ожидается связное решение с контрактами, ошибками и ограничениями.","Нужны ресурсы syndicates, members, contributions, tickets и payouts с CRUD/командными операциями по бизнес-смыслу. Роль участника хранится в membership, сумма считается из подтверждённых взносов, а изменения защищаются авторизацией и идемпотентностью. Сильный ответ описывает state machine, денежные типы, optimistic locking, аудит ролей и правила распределения выигрыша.",Google Doc «Вопросы для бота»: https://docs.google.com/document/d/1LSoS996VSoVt1HOYazlfqBFc5dgIQ3EmM72rivm6unc/edit?tab=t.0; опорный источник: https://www.rfc-editor.org/rfc/rfc9110
"Какие роли в команде, откуда приходят требования, какие задачи и вызовы стоят перед аналитиком, работа по спринтам?","Представь, что интервьюер проверяет работу аналитика с требованиями, моделями и командой. Тема исходного документа: «Роль аналитика в команде (проект 4)».",мидл,требования,а если требования от двух источников противоречат друг другу - как определяете приоритет?,Интервьюер усложняет исходный кейс и проверяет разрешение противоречащих требований.,"как вы понимаете, что задача полностью готова для передачи в разработку, а не наполовину проработана?",Теперь интервьюер проверяет готовность задачи к разработке и последствия выбранного решения.,"Аналитик выявляет и согласует требования, моделирует процессы и данные, готовит постановки и сопровождает разработку и тестирование. Для джуна достаточно корректно назвать базовые понятия и ход решения; минусом будет ответ без применения к кейсу.","Аналитик выявляет и согласует требования, моделирует процессы и данные, готовит постановки и сопровождает разработку и тестирование. Нужен конкретный пример входа требования, уточнений со стейкхолдерами, декомпозиции, Definition of Ready и работы в спринте. От мидла ожидается связное решение с контрактами, ошибками и ограничениями.","Аналитик выявляет и согласует требования, моделирует процессы и данные, готовит постановки и сопровождает разработку и тестирование. Нужен конкретный пример входа требования, уточнений со стейкхолдерами, декомпозиции, Definition of Ready и работы в спринте. Сильный ответ показывает управление конфликтами, трассировку решений, риски, влияние на продукт и измеримый результат.",Google Doc «Вопросы для бота»: https://docs.google.com/document/d/1LSoS996VSoVt1HOYazlfqBFc5dgIQ3EmM72rivm6unc/edit?tab=t.0; опорный источник: https://docs.google.com/document/d/1LSoS996VSoVt1HOYazlfqBFc5dgIQ3EmM72rivm6unc/edit?tab=t.0
"Сильные и слабые стороны, ред-флаги в поведении коллег, что нравится и не нравится в работе?","Представь, что интервьюер проверяет работу аналитика с требованиями, моделями и командой. Тема исходного документа: «Личностные качества».",джун-мидл,требования,а если слабая сторона напрямую влияет на текущие задачи - как вы с этим справляетесь прямо сейчас?,Интервьюер усложняет исходный кейс и проверяет работу со слабой стороной в текущих задачах.,"был случай, когда ред-флаг, который вы заметили, оказался ложной тревогой?",Теперь интервьюер проверяет проверку собственных предположений о коллегах и последствия выбранного решения.,"Сильные стороны подтверждаются примером, слабая сторона — реальным ограничением и способом компенсации. Для джуна достаточно корректно назвать базовые понятия и ход решения; минусом будет ответ без применения к кейсу.","Сильные стороны подтверждаются примером, слабая сторона — реальным ограничением и способом компенсации. Ред-флаги описываются через наблюдаемое поведение и влияние на работу, без ярлыков и перехода на личности. От мидла ожидается связное решение с контрактами, ошибками и ограничениями.","Сильные стороны подтверждаются примером, слабая сторона — реальным ограничением и способом компенсации. Ред-флаги описываются через наблюдаемое поведение и влияние на работу, без ярлыков и перехода на личности. Сильный ответ демонстрирует рефлексию, обратную связь, границы и конкретный прогресс, а не заученные качества.",Google Doc «Вопросы для бота»: https://docs.google.com/document/d/1LSoS996VSoVt1HOYazlfqBFc5dgIQ3EmM72rivm6unc/edit?tab=t.0; опорный источник: https://docs.google.com/document/d/1LSoS996VSoVt1HOYazlfqBFc5dgIQ3EmM72rivm6unc/edit?tab=t.0
"Как по бизнес-требованиям определить нужную архитектуру, если функциональные требования еще не описаны? Аналитик описывает API-контракты - верно? Почему в банках чаще выбирают микросервисную архитектуру?","Представь, что интервьюер просит обосновать архитектурное решение и его ограничения. Тема исходного документа: «Роль аналитика в выборе архитектуры».",сеньор,архитектура,"а если архитектор принял решение, с которым вы не согласны на основе своего анализа требований - что делаете?",Интервьюер усложняет исходный кейс и проверяет аргументированное несогласие с архитектурным решением.,"есть ли случаи, когда микросервисная архитектура в банке была бы избыточной?",Теперь интервьюер проверяет случаи избыточности микросервисов и последствия выбранного решения.,"Аналитик поставляет бизнес-контекст, сценарии, данные, интеграции и NFR; архитектурное решение принимается совместно с архитектором и командой. Для джуна достаточно корректно назвать базовые понятия и ход решения; минусом будет ответ без применения к кейсу.","Аналитик поставляет бизнес-контекст, сценарии, данные, интеграции и NFR; архитектурное решение принимается совместно с архитектором и командой. API-контракт обычно входит в артефакты аналитика, но границы ответственности зависят от команды; микросервисы выбирают не из-за отрасли, а из-за доменов, масштабирования и автономности. От мидла ожидается связное решение с контрактами, ошибками и ограничениями.","Аналитик поставляет бизнес-контекст, сценарии, данные, интеграции и NFR; архитектурное решение принимается совместно с архитектором и командой. API-контракт обычно входит в артефакты аналитика, но границы ответственности зависят от команды; микросервисы выбирают не из-за отрасли, а из-за доменов, масштабирования и автономности. Сильный ответ сравнивает монолит и микросервисы по стоимости изменений, консистентности, эксплуатации, безопасности и организационной структуре.",Google Doc «Вопросы для бота»: https://docs.google.com/document/d/1LSoS996VSoVt1HOYazlfqBFc5dgIQ3EmM72rivm6unc/edit?tab=t.0; опорный источник: https://docs.aws.amazon.com/wellarchitected/latest/framework/welcome.html
Что помимо бизнес-процессов и требований входит в хороший бизнес-анализ? Чем юзкейс отличается от пользовательской истории и от бизнес-процесса? Кто является заинтересованной стороной в конкретном примере?,"Представь, что интервьюер проверяет работу аналитика с требованиями, моделями и командой. Тема исходного документа: «Артефакты бизнес-анализа и заинтересованные стороны».",мидл,требования,"а если заинтересованная сторона появляется уже в процессе разработки, а не была учтена изначально - как это исправить?",Интервьюер усложняет исходный кейс и проверяет поздно обнаруженного стейкхолдера.,"как вы определяете, что бизнес-анализ по проекту достаточен и можно двигаться дальше?",Теперь интервьюер проверяет критерии достаточности анализа и последствия выбранного решения.,"Кроме процессов нужны цели, scope, стейкхолдеры, правила, данные, риски, ограничения, словарь, требования и критерии приёмки. Для джуна достаточно корректно назвать базовые понятия и ход решения; минусом будет ответ без применения к кейсу.","Кроме процессов нужны цели, scope, стейкхолдеры, правила, данные, риски, ограничения, словарь, требования и критерии приёмки. User story фиксирует ценность, use case — взаимодействие актор-система, бизнес-процесс — сквозной поток работ. От мидла ожидается связное решение с контрактами, ошибками и ограничениями.","Кроме процессов нужны цели, scope, стейкхолдеры, правила, данные, риски, ограничения, словарь, требования и критерии приёмки. User story фиксирует ценность, use case — взаимодействие актор-система, бизнес-процесс — сквозной поток работ. Сильный ответ показывает трассировку от цели до реализации, анализ влияния и критерии достаточности по риску и решениям.",Google Doc «Вопросы для бота»: https://docs.google.com/document/d/1LSoS996VSoVt1HOYazlfqBFc5dgIQ3EmM72rivm6unc/edit?tab=t.0; опорный источник: https://docs.google.com/document/d/1LSoS996VSoVt1HOYazlfqBFc5dgIQ3EmM72rivm6unc/edit?tab=t.0
"Как в BPMN отображаются повторяющиеся действия? Чем диаграмма классов отличается от ER-диаграммы, агрегация от композиции?","Представь, что интервьюер проверяет работу аналитика с требованиями, моделями и командой. Тема исходного документа: «BPMN и модели данных».",мидл,требования,"а как в BPMN показать, что цикл должен прерваться при определённом условии?",Интервьюер усложняет исходный кейс и проверяет условие завершения цикла.,в каком случае вы бы выбрали ER-диаграмму вместо диаграммы классов для одной и той же задачи?,Теперь интервьюер проверяет выбор между ER и UML для конкретной задачи и последствия выбранного решения.,"Цикл в BPMN показывается loop marker или условным потоком; ER-модель описывает данные, диаграмма классов — структуру объектов и поведение. Для джуна достаточно корректно назвать базовые понятия и ход решения; минусом будет ответ без применения к кейсу.","Цикл в BPMN показывается loop marker или условным потоком; ER-модель описывает данные, диаграмма классов — структуру объектов и поведение. Композиция означает зависимый жизненный цикл части, агрегация — более слабое владение. От мидла ожидается связное решение с контрактами, ошибками и ограничениями.","Цикл в BPMN показывается loop marker или условным потоком; ER-модель описывает данные, диаграмма классов — структуру объектов и поведение. Композиция означает зависимый жизненный цикл части, агрегация — более слабое владение. Сильный ответ выбирает нотацию по аудитории и задаче, объясняет ограничения семантики и не смешивает модель процесса с моделью данных.",Google Doc «Вопросы для бота»: https://docs.google.com/document/d/1LSoS996VSoVt1HOYazlfqBFc5dgIQ3EmM72rivm6unc/edit?tab=t.0; опорный источник: https://www.omg.org/bpmn/
К какому семейству взаимодействия относится REST? В чём отличие от SOAP и RPC? Какие принципы REST ускоряют быстродействие?,"Представь, что интервьюер проверяет проектирование интеграции на практическом системном кейсе. Тема исходного документа: «REST, SOAP и RPC: семейства взаимодействия».",мидл,интеграции,"а если система изначально построена на SOAP - в каких случаях стоит мигрировать на REST, а в каких нет смысла?",Интервьюер усложняет исходный кейс и проверяет цену миграции существующего SOAP-контракта.,RPC и REST оба могут работать по HTTP - тогда в чём их принципиальное различие?,Теперь интервьюер проверяет разницу resource-oriented и operation-oriented API и последствия выбранного решения.,REST — архитектурный стиль вокруг ресурсов и uniform interface; SOAP — протокол сообщений с WS-*; RPC моделирует удалённый вызов процедуры. Для джуна достаточно корректно назвать базовые понятия и ход решения; минусом будет ответ без применения к кейсу.,"REST — архитектурный стиль вокруг ресурсов и uniform interface; SOAP — протокол сообщений с WS-*; RPC моделирует удалённый вызов процедуры. Производительность REST не гарантируется самим названием: помогают stateless, кэширование и слоистость, но важны контракт и реализация. От мидла ожидается связное решение с контрактами, ошибками и ограничениями.","REST — архитектурный стиль вокруг ресурсов и uniform interface; SOAP — протокол сообщений с WS-*; RPC моделирует удалённый вызов процедуры. Производительность REST не гарантируется самим названием: помогают stateless, кэширование и слоистость, но важны контракт и реализация. Сильный ответ выбирает подход по контрактности, экосистеме, streaming, совместимости и требованиям безопасности, а не по моде.",Google Doc «Вопросы для бота»: https://docs.google.com/document/d/1LSoS996VSoVt1HOYazlfqBFc5dgIQ3EmM72rivm6unc/edit?tab=t.0; опорный источник: https://ics.uci.edu/~fielding/pubs/dissertation/rest_arch_style.htm
"Чем контейнер отличается от компонента в нотации C4? По какому признаку определяется, что часть системы - отдельный контейнер, а не компонент?","Представь, что интервьюер просит обосновать архитектурное решение и его ограничения. Тема исходного документа: «C4: контейнеры и компоненты».",мидл,архитектура,"а как быть, если один и тот же элемент системы в разных проектах может быть и контейнером, и компонентом?",Интервьюер усложняет исходный кейс и проверяет относительность уровня детализации.,"нужно ли показывать в C4 внешние системы, с которыми вы интегрируетесь, и на каком уровне диаграммы?",Теперь интервьюер проверяет границы системы и внешние зависимости и последствия выбранного решения.,Контейнер — отдельно запускаемое или хранимое приложение/хранилище; компонент — значимая внутренняя часть контейнера. Для джуна достаточно корректно назвать базовые понятия и ход решения; минусом будет ответ без применения к кейсу.,"Контейнер — отдельно запускаемое или хранимое приложение/хранилище; компонент — значимая внутренняя часть контейнера. Граница определяется deployment/runtime и ответственностью; внешние системы показываются на context/container уровнях. От мидла ожидается связное решение с контрактами, ошибками и ограничениями.","Контейнер — отдельно запускаемое или хранимое приложение/хранилище; компонент — значимая внутренняя часть контейнера. Граница определяется deployment/runtime и ответственностью; внешние системы показываются на context/container уровнях. Сильный ответ использует уровни как масштаб, избегает путаницы с Docker-контейнером и обновляет диаграммы вместе с архитектурными изменениями.",Google Doc «Вопросы для бота»: https://docs.google.com/document/d/1LSoS996VSoVt1HOYazlfqBFc5dgIQ3EmM72rivm6unc/edit?tab=t.0; опорный источник: https://c4model.com/diagrams
"Как хранились данные в Teradata, какого рода была денормализация, как обеспечивалась консистентность между источниками?","Представь, что собеседование дошло до модели данных, SQL и гарантий хранения. Тема исходного документа: «Хранилище данных и консистентность».",сеньор,бд,"а что происходило, если приоритетный источник данных сам оказывался недоступен?",Интервьюер усложняет исходный кейс и проверяет деградацию при недоступном master-source.,как часто перепроверялась корректность денормализованных данных?,Теперь интервьюер проверяет контроль качества денормализованных витрин и последствия выбранного решения.,"Ответ должен описать конкретную модель Teradata, причины денормализации и источник истины для каждого атрибута. Для джуна достаточно корректно назвать базовые понятия и ход решения; минусом будет ответ без применения к кейсу.","Ответ должен описать конкретную модель Teradata, причины денормализации и источник истины для каждого атрибута. Консистентность обеспечивается правилами приоритета, batch/CDC-загрузками, сверками, quality checks и обработкой опоздавших данных. От мидла ожидается связное решение с контрактами, ошибками и ограничениями.","Ответ должен описать конкретную модель Teradata, причины денормализации и источник истины для каждого атрибута. Консистентность обеспечивается правилами приоритета, batch/CDC-загрузками, сверками, quality checks и обработкой опоздавших данных. Сильный ответ называет SLA свежести, lineage, reconciliation, replay, карантин ошибок и процесс изменения master-source.",Google Doc «Вопросы для бота»: https://docs.google.com/document/d/1LSoS996VSoVt1HOYazlfqBFc5dgIQ3EmM72rivm6unc/edit?tab=t.0; опорный источник: https://docs.aws.amazon.com/wellarchitected/latest/framework/welcome.html
"Как организовано взаимодействие мобильного приложения с внутренним контуром банка, как устроена демилитаризованная зона для файлового обмена?","Представь, что интервьюер проверяет, как аналитик учитывает угрозы, права и защиту данных. Тема исходного документа: «Архитектура и безопасность мобильного взаимодействия».",сеньор,безопасность,а если файл не прошёл проверку в демилитаризованной зоне - что видит пользователь?,Интервьюер усложняет исходный кейс и проверяет пользовательский сценарий отклонённого файла.,"меняется ли эта схема, если запрос идёт не от мобильного приложения, а от партнёрской системы?",Теперь интервьюер проверяет разные trust boundary для мобильного клиента и партнёра и последствия выбранного решения.,"Мобильный клиент не ходит во внутренний контур напрямую: используются API gateway/WAF, аутентификация, TLS и контролируемые сервисные границы. Для джуна достаточно корректно назвать базовые понятия и ход решения; минусом будет ответ без применения к кейсу.","Мобильный клиент не ходит во внутренний контур напрямую: используются API gateway/WAF, аутентификация, TLS и контролируемые сервисные границы. Файлы проходят карантин в DMZ, проверку типа/размера/антивируса, безопасное переименование и только затем передаются внутрь. От мидла ожидается связное решение с контрактами, ошибками и ограничениями.","Мобильный клиент не ходит во внутренний контур напрямую: используются API gateway/WAF, аутентификация, TLS и контролируемые сервисные границы. Файлы проходят карантин в DMZ, проверку типа/размера/антивируса, безопасное переименование и только затем передаются внутрь. Сильный ответ раскрывает zero trust, least privilege, аудит, шифрование, асинхронный статус проверки, fail-closed и различия каналов партнёров.",Google Doc «Вопросы для бота»: https://docs.google.com/document/d/1LSoS996VSoVt1HOYazlfqBFc5dgIQ3EmM72rivm6unc/edit?tab=t.0; опорный источник: https://www.rfc-editor.org/rfc/rfc9700
Какие ключевые преимущества gRPC для межсервисного взаимодействия? Какая разница появилась после перехода в конкретной команде?,"Представь, что интервьюер проверяет проектирование интеграции на практическом системном кейсе. Тема исходного документа: «gRPC: практическая ценность перехода».",мидл-сеньор,интеграции,а если бы преимущества так и не проявились - стали бы вы предлагать откат на REST?,Интервьюер усложняет исходный кейс и проверяет критерии признания миграции неуспешной.,"с какими сложностями столкнулась команда именно в процессе перехода, а не после него?",Теперь интервьюер проверяет риски и цена переходного периода и последствия выбранного решения.,"gRPC даёт типизированный контракт, генерацию клиентов, HTTP/2, streaming, deadlines и компактный бинарный формат. Для джуна достаточно корректно назвать базовые понятия и ход решения; минусом будет ответ без применения к кейсу.","gRPC даёт типизированный контракт, генерацию клиентов, HTTP/2, streaming, deadlines и компактный бинарный формат. Ценность подтверждается метриками latency, bandwidth, ошибками контракта и скоростью разработки, а не фактом миграции. От мидла ожидается связное решение с контрактами, ошибками и ограничениями.","gRPC даёт типизированный контракт, генерацию клиентов, HTTP/2, streaming, deadlines и компактный бинарный формат. Ценность подтверждается метриками latency, bandwidth, ошибками контракта и скоростью разработки, а не фактом миграции. Сильный ответ описывает ограничения браузеров/партнёров, observability, schema evolution, rollout, rollback и стоимость обучения.",Google Doc «Вопросы для бота»: https://docs.google.com/document/d/1LSoS996VSoVt1HOYazlfqBFc5dgIQ3EmM72rivm6unc/edit?tab=t.0; опорный источник: https://grpc.io/docs/what-is-grpc/core-concepts/
"Что было предусмотрено для резервирования, геораспределения, проверки катастрофоустойчивости?","Представь, что интервьюер просит обосновать архитектурное решение и его ограничения. Тема исходного документа: «Отказоустойчивость и масштабирование».",сеньор,архитектура,"а был ли реальный случай отказа, на котором проверялось резервирование, или всё оставалось только в теории?",Интервьюер усложняет исходный кейс и проверяет фактическую проверку механизма отказа.,почему геораспределение не стало приоритетом для этого проекта - было ли это осознанное решение?,Теперь интервьюер проверяет обоснование границ геораспределения и последствия выбранного решения.,"Ожидаются репликация, health checks, автоматическое переключение, бэкапы и устранение single points of failure. Для джуна достаточно корректно назвать базовые понятия и ход решения; минусом будет ответ без применения к кейсу.","Ожидаются репликация, health checks, автоматическое переключение, бэкапы и устранение single points of failure. Нужно назвать RTO/RPO, capacity planning, регулярные restore/failover tests и результаты нагрузочных испытаний. От мидла ожидается связное решение с контрактами, ошибками и ограничениями.","Ожидаются репликация, health checks, автоматическое переключение, бэкапы и устранение single points of failure. Нужно назвать RTO/RPO, capacity planning, регулярные restore/failover tests и результаты нагрузочных испытаний. Сильный ответ связывает multi-AZ/region с бизнес-критичностью, описывает graceful degradation, chaos testing и измеримые SLO.",Google Doc «Вопросы для бота»: https://docs.google.com/document/d/1LSoS996VSoVt1HOYazlfqBFc5dgIQ3EmM72rivm6unc/edit?tab=t.0; опорный источник: https://docs.aws.amazon.com/wellarchitected/latest/framework/welcome.html
"Как построен процесс поставки требований, есть ли автотесты и нагрузочное тестирование?","Представь, что интервьюер проверяет работу аналитика с требованиями, моделями и командой. Тема исходного документа: «Процесс разработки и тестирования».",мидл,требования,"а что происходит, если требование поступило уже после начала спринта - оно попадает в текущий или следующий?",Интервьюер усложняет исходный кейс и проверяет обработку срочного требования внутри спринта.,"кто решает, какой функционал обязательно должен быть покрыт автотестами, а какой нет?",Теперь интервьюер проверяет risk-based подход к автоматизации тестов и последствия выбранного решения.,"Аналитик проводит требование через discovery, согласование, декомпозицию, Definition of Ready, разработку, тестирование и приёмку. Для джуна достаточно корректно назвать базовые понятия и ход решения; минусом будет ответ без применения к кейсу.","Аналитик проводит требование через discovery, согласование, декомпозицию, Definition of Ready, разработку, тестирование и приёмку. Покрытие автотестами выбирается по риску и критичности; нагрузочные тесты проверяют утверждённые NFR на репрезентативном стенде. От мидла ожидается связное решение с контрактами, ошибками и ограничениями.","Аналитик проводит требование через discovery, согласование, декомпозицию, Definition of Ready, разработку, тестирование и приёмку. Покрытие автотестами выбирается по риску и критичности; нагрузочные тесты проверяют утверждённые NFR на репрезентативном стенде. Сильный ответ показывает change management, трассировку, quality gates, метрики дефектов и обратную связь после релиза.",Google Doc «Вопросы для бота»: https://docs.google.com/document/d/1LSoS996VSoVt1HOYazlfqBFc5dgIQ3EmM72rivm6unc/edit?tab=t.0; опорный источник: https://docs.google.com/document/d/1LSoS996VSoVt1HOYazlfqBFc5dgIQ3EmM72rivm6unc/edit?tab=t.0
"Что такое REST, какие методы и коды ответов бывают? Как работает gRPC, как определяется получатель сообщения при нескольких consumer'ах?","Представь, что интервьюер проверяет проектирование интеграции на практическом системном кейсе. Тема исходного документа: «REST и gRPC: базовая теория».",джун,интеграции,"а какой код ответа вернете, если запрос корректный, но у пользователя нет прав на это действие?",Интервьюер усложняет исходный кейс и проверяет авторизацию и выбор HTTP-кода.,"чем отличается 401 от 403 с точки зрения того, что происходит дальше на клиенте?",Теперь интервьюер проверяет разницу 401 и 403 для клиента и последствия выбранного решения.,"REST использует ресурсы, HTTP-методы и статус-коды; gRPC вызывает методы сервиса по контракту, обычно описанному в proto. Для джуна достаточно корректно назвать базовые понятия и ход решения; минусом будет ответ без применения к кейсу.","REST использует ресурсы, HTTP-методы и статус-коды; gRPC вызывает методы сервиса по контракту, обычно описанному в proto. 401 означает отсутствие/невалидность аутентификации, 403 — известный пользователь без права; метод gRPC задаётся в service definition. От мидла ожидается связное решение с контрактами, ошибками и ограничениями.","REST использует ресурсы, HTTP-методы и статус-коды; gRPC вызывает методы сервиса по контракту, обычно описанному в proto. 401 означает отсутствие/невалидность аутентификации, 403 — известный пользователь без права; метод gRPC задаётся в service definition. Сильный ответ не смешивает gRPC consumer с Kafka consumer, знает unary/streaming вызовы и различает транспорт, стиль API и брокер.",Google Doc «Вопросы для бота»: https://docs.google.com/document/d/1LSoS996VSoVt1HOYazlfqBFc5dgIQ3EmM72rivm6unc/edit?tab=t.0; опорный источник: https://grpc.io/docs/what-is-grpc/core-concepts/
"Чем отличаются LEFT JOIN и RIGHT JOIN, для чего используется HAVING?","Представь, что собеседование дошло до модели данных, SQL и гарантий хранения. Тема исходного документа: «SQL: JOIN и HAVING».",джун-мидл,бд,а можно ли переписать любой RIGHT JOIN через LEFT JOIN - что для этого нужно поменять?,Интервьюер усложняет исходный кейс и проверяет эквивалентность направлений outer join.,почему нельзя использовать агрегатную функцию в WHERE вместо HAVING?,Теперь интервьюер проверяет этап выполнения агрегатного фильтра и последствия выбранного решения.,"LEFT JOIN сохраняет строки слева, RIGHT JOIN — справа; HAVING фильтрует группы после агрегации. Для джуна достаточно корректно назвать базовые понятия и ход решения; минусом будет ответ без применения к кейсу.","LEFT JOIN сохраняет строки слева, RIGHT JOIN — справа; HAVING фильтрует группы после агрегации. RIGHT JOIN переписывается перестановкой таблиц в LEFT JOIN; агрегаты обычно нельзя фильтровать в WHERE, потому что группы ещё не построены. От мидла ожидается связное решение с контрактами, ошибками и ограничениями.","LEFT JOIN сохраняет строки слева, RIGHT JOIN — справа; HAVING фильтрует группы после агрегации. RIGHT JOIN переписывается перестановкой таблиц в LEFT JOIN; агрегаты обычно нельзя фильтровать в WHERE, потому что группы ещё не построены. Сильный ответ объясняет логический порядок SQL, HAVING без GROUP BY как одну общую группу и влияние NULL.",Google Doc «Вопросы для бота»: https://docs.google.com/document/d/1LSoS996VSoVt1HOYazlfqBFc5dgIQ3EmM72rivm6unc/edit?tab=t.0; опорный источник: https://www.postgresql.org/docs/current/
Чья зона ответственности - проверка пользователя в чёрном списке: основного сервиса или отдела безопасности?,"Представь, что интервьюер проверяет, как аналитик учитывает угрозы, права и защиту данных. Тема исходного документа: «Кейс без единственно верного ответа: авторизация».",сеньор,безопасность,а если отдел безопасности недоступен в момент запроса - основной сервис пропускает пользователя или блокирует по умолчанию?,Интервьюер усложняет исходный кейс и проверяет безопасное поведение при отказе зависимости.,"как часто должен обновляться чёрный список, чтобы решение оставалось актуальным?",Теперь интервьюер проверяет свежесть и распространение политики и последствия выбранного решения.,"Владелец политики — безопасность/риск, а enforcement должен быть встроен в основной путь авторизации с чётким контрактом. Для джуна достаточно корректно назвать базовые понятия и ход решения; минусом будет ответ без применения к кейсу.","Владелец политики — безопасность/риск, а enforcement должен быть встроен в основной путь авторизации с чётким контрактом. Нужно согласовать fail-open/fail-closed по риску, кэш списка, TTL, аудит решений и поведение при недоступности. От мидла ожидается связное решение с контрактами, ошибками и ограничениями.","Владелец политики — безопасность/риск, а enforcement должен быть встроен в основной путь авторизации с чётким контрактом. Нужно согласовать fail-open/fail-closed по риску, кэш списка, TTL, аудит решений и поведение при недоступности. Сильный ответ определяет RACI, источник истины, latency/SLA, emergency process, мониторинг рассинхронизации и ответственность за инцидент.",Google Doc «Вопросы для бота»: https://docs.google.com/document/d/1LSoS996VSoVt1HOYazlfqBFc5dgIQ3EmM72rivm6unc/edit?tab=t.0; опорный источник: https://www.rfc-editor.org/rfc/rfc9700
Строго ли gRPC ограничен форматом protobuf? Можно ли использовать gRPC повсеместно вместо REST?,"Представь, что интервьюер проверяет проектирование интеграции на практическом системном кейсе. Тема исходного документа: «REST и gRPC: форматы данных».",мидл,интеграции,а если внешнему партнеру неудобно работать с protobuf - как вы это решите на стороне интеграции?,Интервьюер усложняет исходный кейс и проверяет совместимость с внешним партнёром.,"что теряется при переходе с JSON на protobuf, кроме размера сообщения?",Теперь интервьюер проверяет trade-off бинарного и человекочитаемого формата и последствия выбранного решения.,"gRPC по умолчанию использует protobuf как IDL и формат, но архитектура допускает другие кодеки; это не делает его универсальной заменой REST. Для джуна достаточно корректно назвать базовые понятия и ход решения; минусом будет ответ без применения к кейсу.","gRPC по умолчанию использует protobuf как IDL и формат, но архитектура допускает другие кодеки; это не делает его универсальной заменой REST. Для внешнего партнёра часто оставляют REST/JSON или gateway-transcoding, а внутри используют gRPC. От мидла ожидается связное решение с контрактами, ошибками и ограничениями.","gRPC по умолчанию использует protobuf как IDL и формат, но архитектура допускает другие кодеки; это не делает его универсальной заменой REST. Для внешнего партнёра часто оставляют REST/JSON или gateway-transcoding, а внутри используют gRPC. Сильный ответ сравнивает tooling, читаемость, schema evolution, браузерную поддержку, streaming, latency и операционную сложность.",Google Doc «Вопросы для бота»: https://docs.google.com/document/d/1LSoS996VSoVt1HOYazlfqBFc5dgIQ3EmM72rivm6unc/edit?tab=t.0; опорный источник: https://grpc.io/docs/what-is-grpc/core-concepts/
Что такое кэшируемость и идемпотентность? Чем отличаются PUT и PATCH? Как поступить с массовым удалением ресурсов?,"Представь, что интервьюер проверяет проектирование интеграции на практическом системном кейсе. Тема исходного документа: «REST: кэшируемость, идемпотентность, PUT/PATCH».",мидл,интеграции,"а как узнать клиенту, что конкретный ответ можно закэшировать, а не делать это вслепую?",Интервьюер усложняет исходный кейс и проверяет явный контракт кэширования для клиента.,"если PATCH используется для частичного обновления - что произойдёт, если передать в нем поле с пустым значением?",Теперь интервьюер проверяет семантику отсутствующего поля и null в PATCH и последствия выбранного решения.,"Кэшируемость управляется HTTP-заголовками; идемпотентность означает одинаковый эффект повторов; PUT заменяет представление, PATCH частично изменяет. Для джуна достаточно корректно назвать базовые понятия и ход решения; минусом будет ответ без применения к кейсу.","Кэшируемость управляется HTTP-заголовками; идемпотентность означает одинаковый эффект повторов; PUT заменяет представление, PATCH частично изменяет. Нужно описать Cache-Control/ETag, семантику null в PATCH и асинхронную bulk-команду с результатом по каждому ресурсу. От мидла ожидается связное решение с контрактами, ошибками и ограничениями.","Кэшируемость управляется HTTP-заголовками; идемпотентность означает одинаковый эффект повторов; PUT заменяет представление, PATCH частично изменяет. Нужно описать Cache-Control/ETag, семантику null в PATCH и асинхронную bulk-команду с результатом по каждому ресурсу. Сильный ответ учитывает conditional requests, идемпотентный ключ, soft delete/undo window, аудит и частичные ошибки.",Google Doc «Вопросы для бота»: https://docs.google.com/document/d/1LSoS996VSoVt1HOYazlfqBFc5dgIQ3EmM72rivm6unc/edit?tab=t.0; опорный источник: https://www.rfc-editor.org/rfc/rfc9110
"В чем отличие OpenAPI от Swagger? Можно ли использовать OpenAPI для генерации кода? Что такое oneOf, anyOf, allOf?","Представь, что интервьюер проверяет проектирование интеграции на практическом системном кейсе. Тема исходного документа: «OpenAPI, Swagger и схемы валидации».",мидл,интеграции,"а как поддерживать OpenAPI-спецификацию в актуальном состоянии, если API часто меняется?",Интервьюер усложняет исходный кейс и проверяет поддержание контракта синхронно с кодом.,если сгенерированный по OpenAPI код разработчик правит вручную - что происходит при следующей регенерации?,Теперь интервьюер проверяет защиту сгенерированного кода от ручных правок и последствия выбранного решения.,OpenAPI — спецификация описания HTTP API; Swagger — историческое имя и экосистема инструментов. Для джуна достаточно корректно назвать базовые понятия и ход решения; минусом будет ответ без применения к кейсу.,"OpenAPI — спецификация описания HTTP API; Swagger — историческое имя и экосистема инструментов. oneOf требует ровно одну схему, anyOf — одну или несколько, allOf объединяет ограничения; спецификация используется для документации, тестов и генерации. От мидла ожидается связное решение с контрактами, ошибками и ограничениями.","OpenAPI — спецификация описания HTTP API; Swagger — историческое имя и экосистема инструментов. oneOf требует ровно одну схему, anyOf — одну или несколько, allOf объединяет ограничения; спецификация используется для документации, тестов и генерации. Сильный ответ описывает contract-first/CI lint, breaking-change checks, generated code как артефакт и осторожность с discriminator/composition.",Google Doc «Вопросы для бота»: https://docs.google.com/document/d/1LSoS996VSoVt1HOYazlfqBFc5dgIQ3EmM72rivm6unc/edit?tab=t.0; опорный источник: https://spec.openapis.org/oas/v3.2.0.html
Какие гарантии дают реляционные и нереляционные базы данных? Где физически размещается кэш?,"Представь, что собеседование дошло до модели данных, SQL и гарантий хранения. Тема исходного документа: «Базы данных: типы, гарантии, кэширование».",джун-мидл,бд,а если сервер перезагрузится - что произойдет с данными в кэше?,Интервьюер усложняет исходный кейс и проверяет персистентность и прогрев кэша после рестарта.,"как понять, что закэшированные данные устарели и их пора обновить?",Теперь интервьюер проверяет стратегию обнаружения устаревших значений и последствия выбранного решения.,"Реляционная БД даёт схему, ограничения и транзакции; NoSQL — семейство разных моделей с разными гарантиями, а не отсутствие консистентности. Для джуна достаточно корректно назвать базовые понятия и ход решения; минусом будет ответ без применения к кейсу.","Реляционная БД даёт схему, ограничения и транзакции; NoSQL — семейство разных моделей с разными гарантиями, а не отсутствие консистентности. Кэш может быть локальным или отдельным Redis-кластером; TTL, eviction и invalidation определяют свежесть и переживание рестарта. От мидла ожидается связное решение с контрактами, ошибками и ограничениями.","Реляционная БД даёт схему, ограничения и транзакции; NoSQL — семейство разных моделей с разными гарантиями, а не отсутствие консистентности. Кэш может быть локальным или отдельным Redis-кластером; TTL, eviction и invalidation определяют свежесть и переживание рестарта. Сильный ответ выбирает хранилище по access patterns, consistency/availability, объёму, восстановлению и роли source of truth.",Google Doc «Вопросы для бота»: https://docs.google.com/document/d/1LSoS996VSoVt1HOYazlfqBFc5dgIQ3EmM72rivm6unc/edit?tab=t.0; опорный источник: https://www.postgresql.org/docs/current/
"Что представляет собой транзакция? Можно ли обработать несколько транзакций одновременно, если они затрагивают одну и ту же строку?","Представь, что собеседование дошло до модели данных, SQL и гарантий хранения. Тема исходного документа: «ACID и транзакции».",мидл,бд,"а что произойдет, если транзакция началась, но соединение с клиентом внезапно оборвалось?",Интервьюер усложняет исходный кейс и проверяет жизненный цикл транзакции при обрыве соединения.,"чем отличается ситуация, когда транзакции читают одну строку, от той, когда они её изменяют?",Теперь интервьюер проверяет конкуренцию чтения и записи одной строки и последствия выбранного решения.,"Транзакция объединяет операции с atomicity, consistency, isolation и durability; конкурентные операции регулируются MVCC и блокировками. Для джуна достаточно корректно назвать базовые понятия и ход решения; минусом будет ответ без применения к кейсу.","Транзакция объединяет операции с atomicity, consistency, isolation и durability; конкурентные операции регулируются MVCC и блокировками. При изменении одной строки одна транзакция может ждать или получить конфликт; обрыв клиента приводит к rollback незавершённой транзакции после разрыва соединения. От мидла ожидается связное решение с контрактами, ошибками и ограничениями.","Транзакция объединяет операции с atomicity, consistency, isolation и durability; конкурентные операции регулируются MVCC и блокировками. При изменении одной строки одна транзакция может ждать или получить конфликт; обрыв клиента приводит к rollback незавершённой транзакции после разрыва соединения. Сильный ответ выбирает изоляцию по аномалиям, использует блокировки/optimistic retry и не обещает, что ACID автоматически решает распределённые операции.",Google Doc «Вопросы для бота»: https://docs.google.com/document/d/1LSoS996VSoVt1HOYazlfqBFc5dgIQ3EmM72rivm6unc/edit?tab=t.0; опорный источник: https://www.postgresql.org/docs/current/
Зачем нужны связи между таблицами? Что улучшается и что ухудшается при денормализации? Как индекс влияет на скорость вставки данных?,"Представь, что собеседование дошло до модели данных, SQL и гарантий хранения. Тема исходного документа: «Целостность данных, нормализация, индексы».",мидл,бд,"а если удалить запись, на которую есть внешний ключ из другой таблицы - что должно произойти?",Интервьюер усложняет исходный кейс и проверяет поведение внешнего ключа при удалении.,"как понять, что таблице действительно не хватает индекса, а не просто кажется, что запрос медленный?",Теперь интервьюер проверяет диагностику медленного запроса до добавления индекса и последствия выбранного решения.,"PK/FK/UNIQUE/CHECK обеспечивают целостность; нормализация уменьшает дублирование, денормализация ускоряет конкретные чтения ценой синхронизации. Для джуна достаточно корректно назвать базовые понятия и ход решения; минусом будет ответ без применения к кейсу.","PK/FK/UNIQUE/CHECK обеспечивают целостность; нормализация уменьшает дублирование, денормализация ускоряет конкретные чтения ценой синхронизации. Индекс ускоряет подходящие чтения, но занимает место и замедляет INSERT/UPDATE; необходимость проверяется планом EXPLAIN и статистикой. От мидла ожидается связное решение с контрактами, ошибками и ограничениями.","PK/FK/UNIQUE/CHECK обеспечивают целостность; нормализация уменьшает дублирование, денормализация ускоряет конкретные чтения ценой синхронизации. Индекс ускоряет подходящие чтения, но занимает место и замедляет INSERT/UPDATE; необходимость проверяется планом EXPLAIN и статистикой. Сильный ответ обсуждает cascade/restrict, селективность, составные/частичные индексы, write amplification и измерение до оптимизации.",Google Doc «Вопросы для бота»: https://docs.google.com/document/d/1LSoS996VSoVt1HOYazlfqBFc5dgIQ3EmM72rivm6unc/edit?tab=t.0; опорный источник: https://www.postgresql.org/docs/current/
Как обработать потерянные события? Нужно ли жёстко привязывать отправку в Kafka к основному потоку операции (на примере внесения депозита)? Для чего нужна consumer group?,"Представь, что интервьюер проверяет проектирование интеграции на практическом системном кейсе. Тема исходного документа: «Kafka: отправка событий и надежность».",мидл-сеньор,интеграции,"а как вы отличите событие, которое реально потерялось, от события, которое просто ещё не обработано?",Интервьюер усложняет исходный кейс и проверяет различие задержанного и потерянного события.,что если событие обработалось дважды из-за повторной отправки - как это учитывать на стороне потребителя?,Теперь интервьюер проверяет идемпотентность потребителя при дубле и последствия выбранного решения.,"Нужны подтверждения producer, ретраи, идемпотентный producer и consumer, который безопасно повторяет обработку. Для джуна достаточно корректно назвать базовые понятия и ход решения; минусом будет ответ без применения к кейсу.","Нужны подтверждения producer, ретраи, идемпотентный producer и consumer, который безопасно повторяет обработку. Для атомарности БД и публикации применяется transactional outbox; consumer group распределяет партиции между экземплярами одного логического подписчика. От мидла ожидается связное решение с контрактами, ошибками и ограничениями.","Нужны подтверждения producer, ретраи, идемпотентный producer и consumer, который безопасно повторяет обработку. Для атомарности БД и публикации применяется transactional outbox; consumer group распределяет партиции между экземплярами одного логического подписчика. Сильный ответ раскрывает delivery semantics, commit offset после эффекта, deduplication, DLQ/replay, lag и observability.",Google Doc «Вопросы для бота»: https://docs.google.com/document/d/1LSoS996VSoVt1HOYazlfqBFc5dgIQ3EmM72rivm6unc/edit?tab=t.0; опорный источник: https://kafka.apache.org/41/design/design/
Могут ли несколько consumer'ов одной группы читать одну партицию? Сколько offset'ов у группы на партицию? Как устроена репликация и переключение при падении лидера партиции?,"Представь, что интервьюер проверяет проектирование интеграции на практическом системном кейсе. Тема исходного документа: «Kafka: партиции и репликация».",мидл,интеграции,"а что произойдёт с offset'ом, если consumer упал и не успел его зафиксировать?",Интервьюер усложняет исходный кейс и проверяет повторную обработку после сбоя до commit offset.,"как выбрать правильное число партиций заранее, если сложно предсказать точный объём нагрузки?",Теперь интервьюер проверяет выбор числа партиций и цену изменения и последствия выбранного решения.,В одной consumer group партицию одновременно читает максимум один consumer; offset хранится для каждой пары group-partition. Для джуна достаточно корректно назвать базовые понятия и ход решения; минусом будет ответ без применения к кейсу.,"В одной consumer group партицию одновременно читает максимум один consumer; offset хранится для каждой пары group-partition. Партиции задают параллелизм и порядок по ключу, replicas обеспечивают отказоустойчивость, лидер обслуживает операции. От мидла ожидается связное решение с контрактами, ошибками и ограничениями.","В одной consumer group партицию одновременно читает максимум один consumer; offset хранится для каждой пары group-partition. Партиции задают параллелизм и порядок по ключу, replicas обеспечивают отказоустойчивость, лидер обслуживает операции. Сильный ответ связывает число партиций с throughput и consumer concurrency, объясняет rebalance, ISR, acks и риск незафиксированного offset.",Google Doc «Вопросы для бота»: https://docs.google.com/document/d/1LSoS996VSoVt1HOYazlfqBFc5dgIQ3EmM72rivm6unc/edit?tab=t.0; опорный источник: https://kafka.apache.org/41/design/design/
"Зачем нужны разные методы REST? Обязательно ли использовать все, если можно всё сделать на POST?","Представь, что интервьюер проверяет проектирование интеграции на практическом системном кейсе. Тема исходного документа: «Методы REST и их назначение».",джун,интеграции,а если команда уже привыкла делать всё на POST - как убедите ее перейти на разные методы?,Интервьюер усложняет исходный кейс и проверяет переход команды к стандартной семантике.,"какой метод вы бы выбрали для операции, которая и создает запись, если её нет, и обновляет, если есть?",Теперь интервьюер проверяет выбор метода для upsert и последствия выбранного решения.,"GET читает, POST создаёт/запускает команду, PUT заменяет или создаёт по известному URI, PATCH частично меняет, DELETE удаляет. Для джуна достаточно корректно назвать базовые понятия и ход решения; минусом будет ответ без применения к кейсу.","GET читает, POST создаёт/запускает команду, PUT заменяет или создаёт по известному URI, PATCH частично меняет, DELETE удаляет. Разные методы дают стандартную семантику кэшам, прокси, документации и клиентам; делать всё POST технически можно, но контракт хуже. От мидла ожидается связное решение с контрактами, ошибками и ограничениями.","GET читает, POST создаёт/запускает команду, PUT заменяет или создаёт по известному URI, PATCH частично меняет, DELETE удаляет. Разные методы дают стандартную семантику кэшам, прокси, документации и клиентам; делать всё POST технически можно, но контракт хуже. Сильный ответ различает safe/idempotent, приводит upsert через PUT и объясняет, почему GET с телом плохо совместим с инфраструктурой.",Google Doc «Вопросы для бота»: https://docs.google.com/document/d/1LSoS996VSoVt1HOYazlfqBFc5dgIQ3EmM72rivm6unc/edit?tab=t.0; опорный источник: https://www.rfc-editor.org/rfc/rfc9110
В чём преимущество микросервисов перед монолитом и наоборот?,"Представь, что интервьюер просит обосновать архитектурное решение и его ограничения. Тема исходного документа: «Микросервисы и монолит: преимущества и недостатки».",джун-мидл,архитектура,"а можно ли начать с монолита и потом безболезненно перейти на микросервисы, или это всегда дорогая переделка?",Интервьюер усложняет исходный кейс и проверяет эволюционный переход без big bang.,"что произойдет с производительностью, если разбить систему на слишком мелкие микросервисы?",Теперь интервьюер проверяет вред чрезмерно мелких границ и последствия выбранного решения.,Монолит проще разрабатывать и эксплуатировать в начале; микросервисы дают независимый deployment и масштабирование частей. Для джуна достаточно корректно назвать базовые понятия и ход решения; минусом будет ответ без применения к кейсу.,"Монолит проще разрабатывать и эксплуатировать в начале; микросервисы дают независимый deployment и масштабирование частей. Микросервисы добавляют сеть, eventual consistency, observability, DevOps и сложность тестирования; границы строятся по доменам. От мидла ожидается связное решение с контрактами, ошибками и ограничениями.","Монолит проще разрабатывать и эксплуатировать в начале; микросервисы дают независимый deployment и масштабирование частей. Микросервисы добавляют сеть, eventual consistency, observability, DevOps и сложность тестирования; границы строятся по доменам. Сильный ответ предлагает modular monolith как старт, критерии выделения сервисов и план постепенной миграции по измеримой боли.",Google Doc «Вопросы для бота»: https://docs.google.com/document/d/1LSoS996VSoVt1HOYazlfqBFc5dgIQ3EmM72rivm6unc/edit?tab=t.0; опорный источник: https://docs.aws.amazon.com/wellarchitected/latest/framework/welcome.html
Что такое OAuth 2.0? Как выглядит процесс авторизации через выделенный сервер авторизации?,"Представь, что интервьюер проверяет, как аналитик учитывает угрозы, права и защиту данных. Тема исходного документа: «OAuth 2.0: базовая схема».",джун-мидл,безопасность,а что если пользователь отзовет доступ у стороннего сервиса напрямую в Google - основное приложение узнает об этом сразу?,Интервьюер усложняет исходный кейс и проверяет отзыв согласия и последствия для токена.,"нужно ли основному приложению знать пароль пользователя от Google, чтобы получить токен?",Теперь интервьюер проверяет отсутствие передачи пароля стороннему приложению и последствия выбранного решения.,OAuth 2.0 делегирует доступ: resource owner разрешает client получить access token у authorization server для resource server. Для джуна достаточно корректно назвать базовые понятия и ход решения; минусом будет ответ без применения к кейсу.,"OAuth 2.0 делегирует доступ: resource owner разрешает client получить access token у authorization server для resource server. Для пользовательского входа ожидается authorization code flow с redirect, code exchange, scopes, state и PKCE; пароль Google приложению не передаётся. От мидла ожидается связное решение с контрактами, ошибками и ограничениями.","OAuth 2.0 делегирует доступ: resource owner разрешает client получить access token у authorization server для resource server. Для пользовательского входа ожидается authorization code flow с redirect, code exchange, scopes, state и PKCE; пароль Google приложению не передаётся. Сильный ответ различает OAuth и аутентификацию/OIDC, объясняет redirect URI validation, короткоживущий code и защиту токенов.",Google Doc «Вопросы для бота»: https://docs.google.com/document/d/1LSoS996VSoVt1HOYazlfqBFc5dgIQ3EmM72rivm6unc/edit?tab=t.0; опорный источник: https://www.rfc-editor.org/rfc/rfc6749
Из каких частей состоит JWT? Что именно защищено - шифрование или хэширование?,"Представь, что интервьюер проверяет, как аналитик учитывает угрозы, права и защиту данных. Тема исходного документа: «JWT: структура токена».",джун,безопасность,"а может ли кто-то прочитать данные пользователя внутри JWT, не имея секретного ключа?",Интервьюер усложняет исходный кейс и проверяет конфиденциальность открытого payload.,"что произойдет, если кто-то изменит данные в теле токена вручную, не зная секретного ключа?",Теперь интервьюер проверяет проверку изменения claims подписью и последствия выбранного решения.,"JWT состоит из header, payload и signature в compact serialization; обычный подписанный JWT кодирован, но не зашифрован. Для джуна достаточно корректно назвать базовые понятия и ход решения; минусом будет ответ без применения к кейсу.","JWT состоит из header, payload и signature в compact serialization; обычный подписанный JWT кодирован, но не зашифрован. Подпись защищает целостность и подлинность: payload читается без секрета, но незаметно изменить его нельзя. От мидла ожидается связное решение с контрактами, ошибками и ограничениями.","JWT состоит из header, payload и signature в compact serialization; обычный подписанный JWT кодирован, но не зашифрован. Подпись защищает целостность и подлинность: payload читается без секрета, но незаметно изменить его нельзя. Сильный ответ проверяет alg, issuer, audience, exp/nbf, различает JWS/JWE и не хранит секреты или лишние персональные данные.",Google Doc «Вопросы для бота»: https://docs.google.com/document/d/1LSoS996VSoVt1HOYazlfqBFc5dgIQ3EmM72rivm6unc/edit?tab=t.0; опорный источник: https://www.rfc-editor.org/rfc/rfc7519
Откуда сервис авторизации знает роли и права пользователя при выдаче токена? Кто отвечает за регистрацию и хранение данных пользователя?,"Представь, что интервьюер проверяет, как аналитик учитывает угрозы, права и защиту данных. Тема исходного документа: «OAuth 2.0: передача прав между сервисом авторизации и монолитом».",мидл-сеньор,безопасность,"а что произойдет, если роль пользователя изменится уже после того, как токен выдан?",Интервьюер усложняет исходный кейс и проверяет устаревшие права в уже выданном токене.,что если два сервиса разошлись в данных о правах одного и того же пользователя - как это обнаружить?,Теперь интервьюер проверяет согласованность источников прав и последствия выбранного решения.,Источник ролей должен быть определён явно; authorization server получает claims из user/permission store и выдаёт токен по политике. Для джуна достаточно корректно назвать базовые понятия и ход решения; минусом будет ответ без применения к кейсу.,"Источник ролей должен быть определён явно; authorization server получает claims из user/permission store и выдаёт токен по политике. Изменение роли не меняет уже выданный self-contained token до истечения, поэтому нужны короткий TTL, introspection или revocation/version check. От мидла ожидается связное решение с контрактами, ошибками и ограничениями.","Источник ролей должен быть определён явно; authorization server получает claims из user/permission store и выдаёт токен по политике. Изменение роли не меняет уже выданный self-contained token до истечения, поэтому нужны короткий TTL, introspection или revocation/version check. Сильный ответ разделяет identity и authorization data, задаёт ownership, синхронизацию событиями, аудит и стратегию рассинхронизации.",Google Doc «Вопросы для бота»: https://docs.google.com/document/d/1LSoS996VSoVt1HOYazlfqBFc5dgIQ3EmM72rivm6unc/edit?tab=t.0; опорный источник: https://www.rfc-editor.org/rfc/rfc9700
"Зачем нужен Refresh-токен, если можно просто периодически обновлять Access? Как отозвать токен?","Представь, что интервьюер проверяет, как аналитик учитывает угрозы, права и защиту данных. Тема исходного документа: «Access и Refresh токены».",мидл,безопасность,а что если Refresh-токен тоже украли вместе с Access - как это ограничить?,Интервьюер усложняет исходный кейс и проверяет компрометацию обоих токенов и reuse detection.,"что произойдет с активной сессией пользователя, если вы отозвали его Refresh-токен прямо сейчас?",Теперь интервьюер проверяет влияние отзыва refresh на текущую access-сессию и последствия выбранного решения.,"Короткоживущий access token используется к ресурсам, refresh token — только для получения нового access без повторного входа. Для джуна достаточно корректно назвать базовые понятия и ход решения; минусом будет ответ без применения к кейсу.","Короткоживущий access token используется к ресурсам, refresh token — только для получения нового access без повторного входа. Отзыв реализуется на authorization server; refresh token нужно хранить защищённо, ротировать и выявлять повторное использование. От мидла ожидается связное решение с контрактами, ошибками и ограничениями.","Короткоживущий access token используется к ресурсам, refresh token — только для получения нового access без повторного входа. Отзыв реализуется на authorization server; refresh token нужно хранить защищённо, ротировать и выявлять повторное использование. Сильный ответ связывает TTL с риском, применяет sender-constrained tokens/rotation, revoke grant и объясняет, что отзыв refresh не мгновенно убивает уже выданный access.",Google Doc «Вопросы для бота»: https://docs.google.com/document/d/1LSoS996VSoVt1HOYazlfqBFc5dgIQ3EmM72rivm6unc/edit?tab=t.0; опорный источник: https://www.rfc-editor.org/rfc/rfc9700
В чём разница синхронного и асинхронного взаимодействия? Как реализовать асинхронность поверх HTTP без брокеров сообщений?,"Представь, что интервьюер проверяет проектирование интеграции на практическом системном кейсе. Тема исходного документа: «Синхронное и асинхронное взаимодействие».",джун-мидл,интеграции,а если клиент вообще не поддерживает поллинг и вебхуки - остаются ли варианты асинхронности на HTTP?,Интервьюер усложняет исходный кейс и проверяет ограничения клиента и выбор механизма доставки.,"как часто разумно делать поллинг, чтобы не перегружать сервер и не заставлять пользователя долго ждать?",Теперь интервьюер проверяет частоту polling и backoff и последствия выбранного решения.,Синхронный клиент ждёт результат вызова; асинхронный получает подтверждение принятия и результат позже. Для джуна достаточно корректно назвать базовые понятия и ход решения; минусом будет ответ без применения к кейсу.,"Синхронный клиент ждёт результат вызова; асинхронный получает подтверждение принятия и результат позже. Поверх HTTP используют 202 Accepted + job id и polling, webhook/callback или streaming; нужны статусы и идемпотентность. От мидла ожидается связное решение с контрактами, ошибками и ограничениями.","Синхронный клиент ждёт результат вызова; асинхронный получает подтверждение принятия и результат позже. Поверх HTTP используют 202 Accepted + job id и polling, webhook/callback или streaming; нужны статусы и идемпотентность. Сильный ответ обсуждает таймауты, retry/backoff, webhook delivery, correlation, cancellation, TTL результата и UX.",Google Doc «Вопросы для бота»: https://docs.google.com/document/d/1LSoS996VSoVt1HOYazlfqBFc5dgIQ3EmM72rivm6unc/edit?tab=t.0; опорный источник: https://www.rfc-editor.org/rfc/rfc9110
"В каких инструментах строит UML, C4, ER-диаграммы?","Представь, что интервьюер проверяет работу аналитика с требованиями, моделями и командой. Тема исходного документа: «Опыт с диаграммами и нотациями».",джун-мидл,требования,"а как вы поддерживаете диаграммы актуальными, если система меняется быстрее, чем документация?",Интервьюер усложняет исходный кейс и проверяет поддержание диаграммы актуальной.,"кто, кроме вас, обычно смотрит на эти диаграммы - разработчики, бизнес, оба?",Теперь интервьюер проверяет выбор представления для бизнеса и разработки и последствия выбранного решения.,"Важно назвать не инструмент, а задачу: BPMN для процесса, C4 для архитектуры, sequence для взаимодействий, ER для данных. Для джуна достаточно корректно назвать базовые понятия и ход решения; минусом будет ответ без применения к кейсу.","Важно назвать не инструмент, а задачу: BPMN для процесса, C4 для архитектуры, sequence для взаимодействий, ER для данных. Ожидается реальный пример, аудитория диаграммы, уровень детализации и место хранения рядом с документацией. От мидла ожидается связное решение с контрактами, ошибками и ограничениями.","Важно назвать не инструмент, а задачу: BPMN для процесса, C4 для архитектуры, sequence для взаимодействий, ER для данных. Ожидается реальный пример, аудитория диаграммы, уровень детализации и место хранения рядом с документацией. Сильный ответ описывает version control/diagram-as-code, review при изменениях и сверку с контрактами и системой.",Google Doc «Вопросы для бота»: https://docs.google.com/document/d/1LSoS996VSoVt1HOYazlfqBFc5dgIQ3EmM72rivm6unc/edit?tab=t.0; опорный источник: https://c4model.com/diagrams
Как спроектировать хранение истории смены генеральных директоров юрлиц с учетом изменения ФИО во времени? Агрегация это или композиция?,"Представь, что собеседование дошло до модели данных, SQL и гарантий хранения. Тема исходного документа: «Нормализация БД: кейс с историей смены руководителей».",мидл,бд,"а как хранить ситуацию, если у юрлица одновременно два действующих директора?",Интервьюер усложняет исходный кейс и проверяет кардинальность нескольких действующих директоров.,"что если нужно узнать не просто историю, а кто был директором на конкретную дату в прошлом - хватит ли текущей структуры?",Теперь интервьюер проверяет temporal query на историческую дату и последствия выбранного решения.,"Юрлицо и физлицо — отдельные сущности, назначение директора — связь с valid_from/valid_to; изменения ФИО хранятся отдельной temporal-историей. Для джуна достаточно корректно назвать базовые понятия и ход решения; минусом будет ответ без применения к кейсу.","Юрлицо и физлицо — отдельные сущности, назначение директора — связь с valid_from/valid_to; изменения ФИО хранятся отдельной temporal-историей. Два директора поддерживаются несколькими активными назначениями по правилам; запрос на дату фильтрует интервалы действия. От мидла ожидается связное решение с контрактами, ошибками и ограничениями.","Юрлицо и физлицо — отдельные сущности, назначение директора — связь с valid_from/valid_to; изменения ФИО хранятся отдельной temporal-историей. Два директора поддерживаются несколькими активными назначениями по правилам; запрос на дату фильтрует интервалы действия. Сильный ответ задаёт ограничения пересечений, surrogate/business keys, audit fields и различает композицию доменного объекта и связь в БД.",Google Doc «Вопросы для бота»: https://docs.google.com/document/d/1LSoS996VSoVt1HOYazlfqBFc5dgIQ3EmM72rivm6unc/edit?tab=t.0; опорный источник: https://www.postgresql.org/docs/current/
Есть ли опыт работы с GoF-паттернами? Есть ли опыт с оркестрацией бизнес-процессов?,"Представь, что интервьюер просит обосновать архитектурное решение и его ограничения. Тема исходного документа: «Опыт с паттернами проектирования и BPM».",мидл-сеньор,архитектура,"а приходилось ли встречать в реальном коде паттерн, который вы не сразу узнали, но потом опознали?",Интервьюер усложняет исходный кейс и проверяет распознавание паттерна по ответственности.,чем оркестрация бизнес-процессов в Camunda отличается от простого набора условий в коде?,Теперь интервьюер проверяет отличие исполняемого процесса от условий в сервисе и последствия выбранного решения.,"От аналитика не требуется перечислять GoF, но полезно узнавать Strategy, Factory, Observer и понимать их влияние на контракт и расширяемость. Для джуна достаточно корректно назвать базовые понятия и ход решения; минусом будет ответ без применения к кейсу.","От аналитика не требуется перечислять GoF, но полезно узнавать Strategy, Factory, Observer и понимать их влияние на контракт и расширяемость. BPM-оркестратор хранит состояние долгого процесса, таймеры, retries, human tasks и визуальную модель вместо разрозненных условий. От мидла ожидается связное решение с контрактами, ошибками и ограничениями.","От аналитика не требуется перечислять GoF, но полезно узнавать Strategy, Factory, Observer и понимать их влияние на контракт и расширяемость. BPM-оркестратор хранит состояние долгого процесса, таймеры, retries, human tasks и визуальную модель вместо разрозненных условий. Сильный ответ называет цену движка, versioning процессов, границы оркестрации, observability и критерии, когда обычного кода достаточно.",Google Doc «Вопросы для бота»: https://docs.google.com/document/d/1LSoS996VSoVt1HOYazlfqBFc5dgIQ3EmM72rivm6unc/edit?tab=t.0; опорный источник: https://www.omg.org/bpmn/
