question_text,question_context,grade,topic,followup_1,followup_1_context,followup_2,followup_2_context,answer_junior,answer_middle,answer_senior,source
"Как бы вы спроектировали систему для оформления заказов в интернет-магазине: монолит или микросервисы, и почему?","Интервьюер проверяет, как вы принимаете архитектурные решения и объясняете их с учетом ограничений бизнеса и команды.",мидл-сеньор,архитектура,а если через полгода нагрузка вырастет в 10 раз - решение останется прежним?,"Интервьюер меняет одно из ограничений исходной ситуации. Объясните, как это влияет на архитектурное решение и почему.",а если бюджет на инфраструктуру резко урежут - что измените в решении?,"Интервьюер меняет одно из ограничений исходной ситуации. Объясните, как это влияет на архитектурное решение и почему.","Пример к основному вопросу: Смотрю на размер команды и на то, есть ли уже узкое место, которое нужно масштабировать отдельно. Если команда маленькая и нагрузка равномерная - монолит, если команда растет и части системы должны релизиться независимо - микросервисы.
Пример к первому дожиму: Если узкое место конкретное, а не вся система - выделяю в отдельный сервис только этот кусок, остальное оставляю как есть.
Пример ко второму дожиму: Откладываю декомпозицию и масштабирую вертикально там, где это дешевле, чем содержать отдельную инфраструктуру под микросервис.","Пример к основному вопросу: Смотрю на размер команды и на то, есть ли уже узкое место, которое нужно масштабировать отдельно. Если команда маленькая и нагрузка равномерная - монолит, если команда растет и части системы должны релизиться независимо - микросервисы.
Пример к первому дожиму: Если узкое место конкретное, а не вся система - выделяю в отдельный сервис только этот кусок, остальное оставляю как есть.
Пример ко второму дожиму: Откладываю декомпозицию и масштабирую вертикально там, где это дешевле, чем содержать отдельную инфраструктуру под микросервис.","Пример к основному вопросу: Смотрю на размер команды и на то, есть ли уже узкое место, которое нужно масштабировать отдельно. Если команда маленькая и нагрузка равномерная - монолит, если команда растет и части системы должны релизиться независимо - микросервисы.
Пример к первому дожиму: Если узкое место конкретное, а не вся система - выделяю в отдельный сервис только этот кусок, остальное оставляю как есть.
Пример ко второму дожиму: Откладываю декомпозицию и масштабирую вертикально там, где это дешевле, чем содержать отдельную инфраструктуру под микросервис.","Таблица Кати, вопрос 1: https://docs.google.com/spreadsheets/d/1UzFF-mgXfmzE3RdITYpf2t_IS7YiXWSb/edit"
"Расскажите про архитектурное решение, которое вы принимали на последнем проекте","Интервьюер проверяет, как вы принимаете архитектурные решения и объясняете их с учетом ограничений бизнеса и команды.",мидл-сеньор,архитектура,какие альтернативы вы рассматривали и почему отказались от них?,"Интервьюер меняет одно из ограничений исходной ситуации. Объясните, как это влияет на архитектурное решение и почему.",а если бы вы могли вернуться и переделать - что бы изменили?,"Интервьюер меняет одно из ограничений исходной ситуации. Объясните, как это влияет на архитектурное решение и почему.","Пример к основному вопросу: Выбирала между синхронным вызовом и очередью для уведомлений - выбрала очередь, потому что при падении сервиса рассылки уведомления не должны теряться.
Пример к первому дожиму: Рассматривала прямой REST-вызов, отказалась, потому что при недоступности сервиса рассылки уведомление терялось бы безвозвратно.
Пример ко второму дожиму: Добавила бы мониторинг глубины очереди сразу, а не через месяц после первого инцидента.","Пример к основному вопросу: Выбирала между синхронным вызовом и очередью для уведомлений - выбрала очередь, потому что при падении сервиса рассылки уведомления не должны теряться.
Пример к первому дожиму: Рассматривала прямой REST-вызов, отказалась, потому что при недоступности сервиса рассылки уведомление терялось бы безвозвратно.
Пример ко второму дожиму: Добавила бы мониторинг глубины очереди сразу, а не через месяц после первого инцидента.","Пример к основному вопросу: Выбирала между синхронным вызовом и очередью для уведомлений - выбрала очередь, потому что при падении сервиса рассылки уведомления не должны теряться.
Пример к первому дожиму: Рассматривала прямой REST-вызов, отказалась, потому что при недоступности сервиса рассылки уведомление терялось бы безвозвратно.
Пример ко второму дожиму: Добавила бы мониторинг глубины очереди сразу, а не через месяц после первого инцидента.","Таблица Кати, вопрос 2: https://docs.google.com/spreadsheets/d/1UzFF-mgXfmzE3RdITYpf2t_IS7YiXWSb/edit"
"Как вы объясните разницу между монолитом и микросервисами человеку из бизнеса, без технических терминов?","Интервьюер проверяет, как вы принимаете архитектурные решения и объясняете их с учетом ограничений бизнеса и команды.",мидл-сеньор,архитектура,"а если он после этого спросит ""так зачем нам вообще усложнять, если можно проще"" - что ответите?","Интервьюер меняет одно из ограничений исходной ситуации. Объясните, как это влияет на архитектурное решение и почему.","а если бизнес после объяснения решит сам, что ""усложнять не будем"" - согласитесь с этим?","Интервьюер меняет одно из ограничений исходной ситуации. Объясните, как это влияет на архитектурное решение и почему.","Пример к основному вопросу: Монолит - это когда все части магазина находятся в одном здании, микросервисы - когда каждая часть в своем здании: можно ремонтировать одно, не закрывая остальные, но между зданиями приходится ездить.
Пример к первому дожиму: Отвечаю - усложнять есть смысл, только если разные отделы магазина растут с разной скоростью и мешают друг другу.
Пример ко второму дожиму: Соглашусь, если это действительно не мешает сейчас - решение обратимое, вернемся к вопросу, когда появится конкретная боль.","Пример к основному вопросу: Монолит - это когда все части магазина находятся в одном здании, микросервисы - когда каждая часть в своем здании: можно ремонтировать одно, не закрывая остальные, но между зданиями приходится ездить.
Пример к первому дожиму: Отвечаю - усложнять есть смысл, только если разные отделы магазина растут с разной скоростью и мешают друг другу.
Пример ко второму дожиму: Соглашусь, если это действительно не мешает сейчас - решение обратимое, вернемся к вопросу, когда появится конкретная боль.","Пример к основному вопросу: Монолит - это когда все части магазина находятся в одном здании, микросервисы - когда каждая часть в своем здании: можно ремонтировать одно, не закрывая остальные, но между зданиями приходится ездить.
Пример к первому дожиму: Отвечаю - усложнять есть смысл, только если разные отделы магазина растут с разной скоростью и мешают друг другу.
Пример ко второму дожиму: Соглашусь, если это действительно не мешает сейчас - решение обратимое, вернемся к вопросу, когда появится конкретная боль.","Таблица Кати, вопрос 3: https://docs.google.com/spreadsheets/d/1UzFF-mgXfmzE3RdITYpf2t_IS7YiXWSb/edit"
"Что такое C4-диаграмма и зачем она нужна, если есть просто схема на доске?","Интервьюер проверяет, как вы принимаете архитектурные решения и объясняете их с учетом ограничений бизнеса и команды.",мидл-сеньор,архитектура,"а если тимлид скажет, что это лишняя бюрократия и трата времени - как убедите его в обратном?","Интервьюер меняет одно из ограничений исходной ситуации. Объясните, как это влияет на архитектурное решение и почему.",а если времени рисовать C4 подробно нет - что сократите в первую очередь?,"Интервьюер меняет одно из ограничений исходной ситуации. Объясните, как это влияет на архитектурное решение и почему.","Пример к основному вопросу: C4 - это несколько уровней детализации архитектуры, от общей картины до кода, которые можно показывать разной аудитории на нужном уровне, в отличие от схемы на доске, которая живет только в головах присутствующих.
Пример к первому дожиму: Показываю на примере - когда новый разработчик спрашивает ""а как это все устроено"", C4 экономит час объяснений на словах.
Пример ко второму дожиму: Рисую только верхний уровень - контекст и контейнеры, компоненты детализирую только для самой сложной части.","Пример к основному вопросу: C4 - это несколько уровней детализации архитектуры, от общей картины до кода, которые можно показывать разной аудитории на нужном уровне, в отличие от схемы на доске, которая живет только в головах присутствующих.
Пример к первому дожиму: Показываю на примере - когда новый разработчик спрашивает ""а как это все устроено"", C4 экономит час объяснений на словах.
Пример ко второму дожиму: Рисую только верхний уровень - контекст и контейнеры, компоненты детализирую только для самой сложной части.","Пример к основному вопросу: C4 - это несколько уровней детализации архитектуры, от общей картины до кода, которые можно показывать разной аудитории на нужном уровне, в отличие от схемы на доске, которая живет только в головах присутствующих.
Пример к первому дожиму: Показываю на примере - когда новый разработчик спрашивает ""а как это все устроено"", C4 экономит час объяснений на словах.
Пример ко второму дожиму: Рисую только верхний уровень - контекст и контейнеры, компоненты детализирую только для самой сложной части.","Таблица Кати, вопрос 4: https://docs.google.com/spreadsheets/d/1UzFF-mgXfmzE3RdITYpf2t_IS7YiXWSb/edit"
"Как вы фиксируете архитектурное решение, чтобы оно не потерялось при смене команды?","Интервьюер проверяет, как вы принимаете архитектурные решения и объясняете их с учетом ограничений бизнеса и команды.",мидл-сеньор,архитектура,а если новый разработчик не согласен с этим решением - что дальше?,"Интервьюер меняет одно из ограничений исходной ситуации. Объясните, как это влияет на архитектурное решение и почему.",а если зафиксированное решение спустя год оказалось непонятным даже вам самой - кто в этом виноват?,"Интервьюер меняет одно из ограничений исходной ситуации. Объясните, как это влияет на архитектурное решение и почему.","Пример к основному вопросу: Через ADR - фиксирую контекст, само решение, рассмотренные альтернативы и почему их отклонили.
Пример к первому дожиму: Показываю ADR с зафиксированными альтернативами - если его аргумент новый, а не тот, что уже рассматривали, пересматриваем решение.
Пример ко второму дожиму: Значит в нем не было контекста, а было только решение - переписываю с добавлением контекста задачи.","Пример к основному вопросу: Через ADR - фиксирую контекст, само решение, рассмотренные альтернативы и почему их отклонили.
Пример к первому дожиму: Показываю ADR с зафиксированными альтернативами - если его аргумент новый, а не тот, что уже рассматривали, пересматриваем решение.
Пример ко второму дожиму: Значит в нем не было контекста, а было только решение - переписываю с добавлением контекста задачи.","Пример к основному вопросу: Через ADR - фиксирую контекст, само решение, рассмотренные альтернативы и почему их отклонили.
Пример к первому дожиму: Показываю ADR с зафиксированными альтернативами - если его аргумент новый, а не тот, что уже рассматривали, пересматриваем решение.
Пример ко второму дожиму: Значит в нем не было контекста, а было только решение - переписываю с добавлением контекста задачи.","Таблица Кати, вопрос 5: https://docs.google.com/spreadsheets/d/1UzFF-mgXfmzE3RdITYpf2t_IS7YiXWSb/edit"
"Приведите пример, когда архитектурное решение оказалось неверным. Что вы сделали дальше?","Интервьюер проверяет, как вы принимаете архитектурные решения и объясняете их с учетом ограничений бизнеса и команды.",мидл-сеньор,архитектура,"а как вы поняли, что оно неверное - были явные сигналы или вы просто засомневались?","Интервьюер меняет одно из ограничений исходной ситуации. Объясните, как это влияет на архитектурное решение и почему.",во что эта ошибка обошлась бизнесу по времени или деньгам?,"Интервьюер меняет одно из ограничений исходной ситуации. Объясните, как это влияет на архитектурное решение и почему.","Пример к основному вопросу: Заложили прямые вызовы между тремя сервисами вместо общей шины - при росте числа сервисов до пяти это превратилось в неуправляемый клубок зависимостей.
Пример к первому дожиму: По времени деплоя - любое изменение в одном сервисе требовало согласования релиза еще с двумя.
Пример ко второму дожиму: Около трех недель на рефакторинг связей после того, как это стало мешать релизам.","Пример к основному вопросу: Заложили прямые вызовы между тремя сервисами вместо общей шины - при росте числа сервисов до пяти это превратилось в неуправляемый клубок зависимостей.
Пример к первому дожиму: По времени деплоя - любое изменение в одном сервисе требовало согласования релиза еще с двумя.
Пример ко второму дожиму: Около трех недель на рефакторинг связей после того, как это стало мешать релизам.","Пример к основному вопросу: Заложили прямые вызовы между тремя сервисами вместо общей шины - при росте числа сервисов до пяти это превратилось в неуправляемый клубок зависимостей.
Пример к первому дожиму: По времени деплоя - любое изменение в одном сервисе требовало согласования релиза еще с двумя.
Пример ко второму дожиму: Около трех недель на рефакторинг связей после того, как это стало мешать релизам.","Таблица Кати, вопрос 6: https://docs.google.com/spreadsheets/d/1UzFF-mgXfmzE3RdITYpf2t_IS7YiXWSb/edit"
"Как вы понимаете, что текущее решение перестаёт справляться с задачей, и когда стоит поднять вопрос о пересмотре подхода перед архитектором?","Интервьюер проверяет, как вы принимаете архитектурные решения и объясняете их с учетом ограничений бизнеса и команды.",мидл-сеньор,архитектура,а если руководство не готово выделять время на пересмотр решения - как вы аргументируете необходимость?,"Интервьюер меняет одно из ограничений исходной ситуации. Объясните, как это влияет на архитектурное решение и почему.","а если вы подняли вопрос, а архитектор не согласился с вашей оценкой ситуации?","Интервьюер меняет одно из ограничений исходной ситуации. Объясните, как это влияет на архитектурное решение и почему.","Пример к основному вопросу: Смотрю на конкретные сигналы - время деплоя растет, конфликты между командами в одном репозитории, нагрузка на конкретный модуль выше остальных.
Пример к первому дожиму: Показываю не абстрактный риск, а конкретную цифру - сколько часов команда теряет на конфликты за последний месяц.
Пример ко второму дожиму: Прошу назвать, какой из сигналов он не считает критичным, и почему - возможно, я переоценила один из показателей.","Пример к основному вопросу: Смотрю на конкретные сигналы - время деплоя растет, конфликты между командами в одном репозитории, нагрузка на конкретный модуль выше остальных.
Пример к первому дожиму: Показываю не абстрактный риск, а конкретную цифру - сколько часов команда теряет на конфликты за последний месяц.
Пример ко второму дожиму: Прошу назвать, какой из сигналов он не считает критичным, и почему - возможно, я переоценила один из показателей.","Пример к основному вопросу: Смотрю на конкретные сигналы - время деплоя растет, конфликты между командами в одном репозитории, нагрузка на конкретный модуль выше остальных.
Пример к первому дожиму: Показываю не абстрактный риск, а конкретную цифру - сколько часов команда теряет на конфликты за последний месяц.
Пример ко второму дожиму: Прошу назвать, какой из сигналов он не считает критичным, и почему - возможно, я переоценила один из показателей.","Таблица Кати, вопрос 7: https://docs.google.com/spreadsheets/d/1UzFF-mgXfmzE3RdITYpf2t_IS7YiXWSb/edit"
"Что важнее при выборе архитектуры - скорость разработки или масштабируемость, и от чего это зависит?","Интервьюер проверяет, как вы принимаете архитектурные решения и объясняете их с учетом ограничений бизнеса и команды.",мидл-сеньор,архитектура,"а если бизнес настаивает на скорости, а вы видите риски масштабирования - как поступите?","Интервьюер меняет одно из ограничений исходной ситуации. Объясните, как это влияет на архитектурное решение и почему.","как вы измеряете, что решение действительно немасштабируемо, а не просто ""кажется так""?","Интервьюер меняет одно из ограничений исходной ситуации. Объясните, как это влияет на архитектурное решение и почему.","Пример к основному вопросу: Зависит от того, есть ли уже подтвержденный спрос - если продукт не проверен, скорость важнее, потому что масштабировать нечего.
Пример к первому дожиму: Фиксирую риск письменно и закладываю в архитектуру одну точку, где потом можно будет вставить масштабирование, не переписывая все с нуля.
Пример ко второму дожиму: Смотрю на нагрузочный тест с прогнозируемым объемом, а не на ощущение.","Пример к основному вопросу: Зависит от того, есть ли уже подтвержденный спрос - если продукт не проверен, скорость важнее, потому что масштабировать нечего.
Пример к первому дожиму: Фиксирую риск письменно и закладываю в архитектуру одну точку, где потом можно будет вставить масштабирование, не переписывая все с нуля.
Пример ко второму дожиму: Смотрю на нагрузочный тест с прогнозируемым объемом, а не на ощущение.","Пример к основному вопросу: Зависит от того, есть ли уже подтвержденный спрос - если продукт не проверен, скорость важнее, потому что масштабировать нечего.
Пример к первому дожиму: Фиксирую риск письменно и закладываю в архитектуру одну точку, где потом можно будет вставить масштабирование, не переписывая все с нуля.
Пример ко второму дожиму: Смотрю на нагрузочный тест с прогнозируемым объемом, а не на ощущение.","Таблица Кати, вопрос 8: https://docs.google.com/spreadsheets/d/1UzFF-mgXfmzE3RdITYpf2t_IS7YiXWSb/edit"
"Как вы обосновываете архитектурное решение перед командой, которая с ним не согласна?","Интервьюер проверяет, как вы принимаете архитектурные решения и объясняете их с учетом ограничений бизнеса и команды.",мидл-сеньор,архитектура,"а если команда все равно настаивает на своем варианте, а сроки поджимают - что делаете?","Интервьюер меняет одно из ограничений исходной ситуации. Объясните, как это влияет на архитектурное решение и почему.","а если в процессе спора вы понимаете, что команда права - как отступите?","Интервьюер меняет одно из ограничений исходной ситуации. Объясните, как это влияет на архитектурное решение и почему.","Пример к основному вопросу: Показываю критерий, по которому решение выбрано, и прошу назвать, какой критерий команда считает более важным - спор из ""мне нравится другое"" превращается в спор о приоритетах.
Пример к первому дожиму: Если расхождение принципиальное - эскалирую архитектору для финального решения, а не продавливаю сама.
Пример ко второму дожиму: Открыто меняю позицию на встрече, это дешевле, чем упорствовать.","Пример к основному вопросу: Показываю критерий, по которому решение выбрано, и прошу назвать, какой критерий команда считает более важным - спор из ""мне нравится другое"" превращается в спор о приоритетах.
Пример к первому дожиму: Если расхождение принципиальное - эскалирую архитектору для финального решения, а не продавливаю сама.
Пример ко второму дожиму: Открыто меняю позицию на встрече, это дешевле, чем упорствовать.","Пример к основному вопросу: Показываю критерий, по которому решение выбрано, и прошу назвать, какой критерий команда считает более важным - спор из ""мне нравится другое"" превращается в спор о приоритетах.
Пример к первому дожиму: Если расхождение принципиальное - эскалирую архитектору для финального решения, а не продавливаю сама.
Пример ко второму дожиму: Открыто меняю позицию на встрече, это дешевле, чем упорствовать.","Таблица Кати, вопрос 9: https://docs.google.com/spreadsheets/d/1UzFF-mgXfmzE3RdITYpf2t_IS7YiXWSb/edit"
"Расскажите, как устроена архитектура вашего текущего проекта, и что бы вы в ней изменили сегодня","Интервьюер проверяет, как вы принимаете архитектурные решения и объясняете их с учетом ограничений бизнеса и команды.",мидл-сеньор,архитектура,"а почему до сих пор не изменили, если видите проблему?","Интервьюер меняет одно из ограничений исходной ситуации. Объясните, как это влияет на архитектурное решение и почему.",если бы у вас был полный карт-бланш - с чего начали бы в первую очередь?,"Интервьюер меняет одно из ограничений исходной ситуации. Объясните, как это влияет на архитектурное решение и почему.","Пример к основному вопросу: Сейчас часть отчетности считается прямо в рабочей БД - изменила бы, вынеся аналитику в отдельное хранилище.
Пример к первому дожиму: Это требует отдельного проекта с ресурсами, которые пока не выделены, а текущая боль не критична.
Пример ко второму дожиму: Начала бы именно с выноса аналитики, потому что это уже измеримо тормозит операционные запросы.","Пример к основному вопросу: Сейчас часть отчетности считается прямо в рабочей БД - изменила бы, вынеся аналитику в отдельное хранилище.
Пример к первому дожиму: Это требует отдельного проекта с ресурсами, которые пока не выделены, а текущая боль не критична.
Пример ко второму дожиму: Начала бы именно с выноса аналитики, потому что это уже измеримо тормозит операционные запросы.","Пример к основному вопросу: Сейчас часть отчетности считается прямо в рабочей БД - изменила бы, вынеся аналитику в отдельное хранилище.
Пример к первому дожиму: Это требует отдельного проекта с ресурсами, которые пока не выделены, а текущая боль не критична.
Пример ко второму дожиму: Начала бы именно с выноса аналитики, потому что это уже измеримо тормозит операционные запросы.","Таблица Кати, вопрос 10: https://docs.google.com/spreadsheets/d/1UzFF-mgXfmzE3RdITYpf2t_IS7YiXWSb/edit"
"Как бы вы выбирали между REST, Kafka и gRPC для передачи статусов заказа между сервисами?","Интервьюер проверяет, как вы выбираете способ интеграции и учитываете надежность, нагрузку и эксплуатацию.",мидл-сеньор,интеграции,а что если один из сервисов временно недоступен - как это повлияет на ваш выбор?,"Интервьюер добавляет новое условие к интеграции. Объясните, изменится ли ваш выбор и почему.",а если через полгода у этих данных появится ещё 5 разных потребителей - решение то же самое?,"Интервьюер добавляет новое условие к интеграции. Объясните, изменится ли ваш выбор и почему.","Пример к основному вопросу: REST - если нужен простой синхронный запрос-ответ с внешними потребителями, Kafka - если важно не потерять событие при недоступности потребителя, gRPC - для быстрого внутреннего взаимодействия между сервисами на одном стеке.
Пример к первому дожиму: Если это Kafka - сообщение просто ждет в очереди, если REST - нужен явный retry на стороне вызывающего.
Пример ко второму дожиму: Это довод в пользу Kafka - один producer, несколько независимых consumer, без изменения на стороне отправителя.","Пример к основному вопросу: REST - если нужен простой синхронный запрос-ответ с внешними потребителями, Kafka - если важно не потерять событие при недоступности потребителя, gRPC - для быстрого внутреннего взаимодействия между сервисами на одном стеке.
Пример к первому дожиму: Если это Kafka - сообщение просто ждет в очереди, если REST - нужен явный retry на стороне вызывающего.
Пример ко второму дожиму: Это довод в пользу Kafka - один producer, несколько независимых consumer, без изменения на стороне отправителя.","Пример к основному вопросу: REST - если нужен простой синхронный запрос-ответ с внешними потребителями, Kafka - если важно не потерять событие при недоступности потребителя, gRPC - для быстрого внутреннего взаимодействия между сервисами на одном стеке.
Пример к первому дожиму: Если это Kafka - сообщение просто ждет в очереди, если REST - нужен явный retry на стороне вызывающего.
Пример ко второму дожиму: Это довод в пользу Kafka - один producer, несколько независимых consumer, без изменения на стороне отправителя.","Таблица Кати, вопрос 11: https://docs.google.com/spreadsheets/d/1UzFF-mgXfmzE3RdITYpf2t_IS7YiXWSb/edit"
Чем асинхронная интеграция лучше синхронной и когда это не так?,"Интервьюер проверяет, как вы выбираете способ интеграции и учитываете надежность, нагрузку и эксплуатацию.",мидл-сеньор,интеграции,а если бизнесу нужен мгновенный ответ пользователю - асинхронность вообще применима?,"Интервьюер добавляет новое условие к интеграции. Объясните, изменится ли ваш выбор и почему.","а как пользователь узнает, что его асинхронный запрос вообще был обработан?","Интервьюер добавляет новое условие к интеграции. Объясните, изменится ли ваш выбор и почему.","Пример к основному вопросу: Асинхронная не блокирует вызывающего и переживает временную недоступность получателя, но не подходит, если пользователь должен увидеть результат сразу на экране.
Пример к первому дожиму: Не применима для этого конкретного шага, даже если остальной флоу асинхронный.
Пример ко второму дожиму: Через уведомление, вебхук или опрос статуса по ID операции.","Пример к основному вопросу: Асинхронная не блокирует вызывающего и переживает временную недоступность получателя, но не подходит, если пользователь должен увидеть результат сразу на экране.
Пример к первому дожиму: Не применима для этого конкретного шага, даже если остальной флоу асинхронный.
Пример ко второму дожиму: Через уведомление, вебхук или опрос статуса по ID операции.","Пример к основному вопросу: Асинхронная не блокирует вызывающего и переживает временную недоступность получателя, но не подходит, если пользователь должен увидеть результат сразу на экране.
Пример к первому дожиму: Не применима для этого конкретного шага, даже если остальной флоу асинхронный.
Пример ко второму дожиму: Через уведомление, вебхук или опрос статуса по ID операции.","Таблица Кати, вопрос 12: https://docs.google.com/spreadsheets/d/1UzFF-mgXfmzE3RdITYpf2t_IS7YiXWSb/edit"
Как вы проектируете REST API с учетом версионирования и обратной совместимости?,"Интервьюер проверяет, как вы выбираете способ интеграции и учитываете надежность, нагрузку и эксплуатацию.",мидл-сеньор,интеграции,а если старую версию нельзя отключить еще год - как поддерживать обе?,"Интервьюер добавляет новое условие к интеграции. Объясните, изменится ли ваш выбор и почему.","как вы вообще узнаёте, кто ещё пользуется старой версией API?","Интервьюер добавляет новое условие к интеграции. Объясните, изменится ли ваш выбор и почему.","Пример к основному вопросу: Версия в URL, новые поля делаю опциональными, обязательные поля не удаляю без новой версии.
Пример к первому дожиму: Поддерживаю обе версии параллельно, с датой отключения, зафиксированной и сообщенной заранее.
Пример ко второму дожиму: Мониторю обращения по версии в логах API-шлюза.","Пример к основному вопросу: Версия в URL, новые поля делаю опциональными, обязательные поля не удаляю без новой версии.
Пример к первому дожиму: Поддерживаю обе версии параллельно, с датой отключения, зафиксированной и сообщенной заранее.
Пример ко второму дожиму: Мониторю обращения по версии в логах API-шлюза.","Пример к основному вопросу: Версия в URL, новые поля делаю опциональными, обязательные поля не удаляю без новой версии.
Пример к первому дожиму: Поддерживаю обе версии параллельно, с датой отключения, зафиксированной и сообщенной заранее.
Пример ко второму дожиму: Мониторю обращения по версии в логах API-шлюза.","Таблица Кати, вопрос 13: https://docs.google.com/spreadsheets/d/1UzFF-mgXfmzE3RdITYpf2t_IS7YiXWSb/edit"
"Расскажите про самую сложную интеграцию, которую вы делали. Какие риски вы предвидели заранее?","Интервьюер проверяет, как вы выбираете способ интеграции и учитываете надежность, нагрузку и эксплуатацию.",мидл-сеньор,интеграции,"а какой риск вы не предвидели, и что случилось из-за этого?","Интервьюер добавляет новое условие к интеграции. Объясните, изменится ли ваш выбор и почему.","сколько времени ушло на то, чтобы исправить непредвиденную проблему?","Интервьюер добавляет новое условие к интеграции. Объясните, изменится ли ваш выбор и почему.","Пример к основному вопросу: Интеграция с внешним скорингом - предвидела недоступность сервиса и заложила таймаут с понятной ошибкой вместо зависания.
Пример к первому дожиму: Не заложила, что скоринг иногда отвечает с задержкой в минуты, а не секунды - пользователи решили, что заявка зависла.
Пример ко второму дожиму: Около недели на добавление промежуточного статуса ""в обработке"" для пользователя.","Пример к основному вопросу: Интеграция с внешним скорингом - предвидела недоступность сервиса и заложила таймаут с понятной ошибкой вместо зависания.
Пример к первому дожиму: Не заложила, что скоринг иногда отвечает с задержкой в минуты, а не секунды - пользователи решили, что заявка зависла.
Пример ко второму дожиму: Около недели на добавление промежуточного статуса ""в обработке"" для пользователя.","Пример к основному вопросу: Интеграция с внешним скорингом - предвидела недоступность сервиса и заложила таймаут с понятной ошибкой вместо зависания.
Пример к первому дожиму: Не заложила, что скоринг иногда отвечает с задержкой в минуты, а не секунды - пользователи решили, что заявка зависла.
Пример ко второму дожиму: Около недели на добавление промежуточного статуса ""в обработке"" для пользователя.","Таблица Кати, вопрос 14: https://docs.google.com/spreadsheets/d/1UzFF-mgXfmzE3RdITYpf2t_IS7YiXWSb/edit"
"Как вы описываете интеграцию в постановке, чтобы разработчик понял ее с первого раза?","Интервьюер проверяет, как вы выбираете способ интеграции и учитываете надежность, нагрузку и эксплуатацию.",мидл-сеньор,интеграции,"а если разработчик все равно вернулся с уточнением - значит, постановка была плохая?","Интервьюер добавляет новое условие к интеграции. Объясните, изменится ли ваш выбор и почему.","как вы определяете, что постановка достаточно детальная и её пора отдавать в разработку?","Интервьюер добавляет новое условие к интеграции. Объясните, изменится ли ваш выбор и почему.","Пример к основному вопросу: Описываю не только формат запроса-ответа, но и поведение при ошибках и таймаутах - именно это чаще всего не додумано.
Пример к первому дожиму: Не всегда - иногда уточнение касается детали реализации, которую сознательно оставила на усмотрение разработки.
Пример ко второму дожиму: Читаю ее сама, представляя, что не смогу задать вопрос - если вопрос возникает у меня, значит рано отдавать.","Пример к основному вопросу: Описываю не только формат запроса-ответа, но и поведение при ошибках и таймаутах - именно это чаще всего не додумано.
Пример к первому дожиму: Не всегда - иногда уточнение касается детали реализации, которую сознательно оставила на усмотрение разработки.
Пример ко второму дожиму: Читаю ее сама, представляя, что не смогу задать вопрос - если вопрос возникает у меня, значит рано отдавать.","Пример к основному вопросу: Описываю не только формат запроса-ответа, но и поведение при ошибках и таймаутах - именно это чаще всего не додумано.
Пример к первому дожиму: Не всегда - иногда уточнение касается детали реализации, которую сознательно оставила на усмотрение разработки.
Пример ко второму дожиму: Читаю ее сама, представляя, что не смогу задать вопрос - если вопрос возникает у меня, значит рано отдавать.","Таблица Кати, вопрос 15: https://docs.google.com/spreadsheets/d/1UzFF-mgXfmzE3RdITYpf2t_IS7YiXWSb/edit"
"Что произойдет с вашей системой, если Kafka временно недоступна? Как вы это закладываете в проектирование?","Интервьюер проверяет, как вы выбираете способ интеграции и учитываете надежность, нагрузку и эксплуатацию.",мидл-сеньор,интеграции,"а если недоступность длится не секунды, а часы - решение то же самое?","Интервьюер добавляет новое условие к интеграции. Объясните, изменится ли ваш выбор и почему.","как вы вообще узнаете, что Kafka недоступна - кто и как это мониторит?","Интервьюер добавляет новое условие к интеграции. Объясните, изменится ли ваш выбор и почему.","Пример к основному вопросу: Producer не должен блокироваться - использую локальный буфер или outbox, чтобы бизнес-операция не падала из-за инфраструктурного сбоя в шине.
Пример к первому дожиму: Важен размер буфера и алертинг на его заполнение, чтобы не потерять данные при переполнении.
Пример ко второму дожиму: Мониторинг брокера и алерт на рост времени публикации сообщений.","Пример к основному вопросу: Producer не должен блокироваться - использую локальный буфер или outbox, чтобы бизнес-операция не падала из-за инфраструктурного сбоя в шине.
Пример к первому дожиму: Важен размер буфера и алертинг на его заполнение, чтобы не потерять данные при переполнении.
Пример ко второму дожиму: Мониторинг брокера и алерт на рост времени публикации сообщений.","Пример к основному вопросу: Producer не должен блокироваться - использую локальный буфер или outbox, чтобы бизнес-операция не падала из-за инфраструктурного сбоя в шине.
Пример к первому дожиму: Важен размер буфера и алертинг на его заполнение, чтобы не потерять данные при переполнении.
Пример ко второму дожиму: Мониторинг брокера и алерт на рост времени публикации сообщений.","Таблица Кати, вопрос 16: https://docs.google.com/spreadsheets/d/1UzFF-mgXfmzE3RdITYpf2t_IS7YiXWSb/edit"
"В каком случае вы бы выбрали gRPC вместо REST, и какие у этого выбора недостатки?","Интервьюер проверяет, как вы выбираете способ интеграции и учитываете надежность, нагрузку и эксплуатацию.",мидл-сеньор,интеграции,а если команда фронтенда не умеет работать с gRPC - это меняет решение?,"Интервьюер добавляет новое условие к интеграции. Объясните, изменится ли ваш выбор и почему.","как вы будете дебажить gRPC-запрос при проблеме, в отличие от REST?","Интервьюер добавляет новое условие к интеграции. Объясните, изменится ли ваш выбор и почему.","Пример к основному вопросу: Для внутреннего высоконагруженного взаимодействия на одном стеке - недостаток в том, что сложнее дебажить и не так удобен для внешних потребителей.
Пример к первому дожиму: Для фронтенда все равно оставляю REST или GraphQL, gRPC только между бэкенд-сервисами.
Пример ко второму дожиму: Через специализированные инструменты для gRPC-трейсинга, обычный curl тут не поможет.","Пример к основному вопросу: Для внутреннего высоконагруженного взаимодействия на одном стеке - недостаток в том, что сложнее дебажить и не так удобен для внешних потребителей.
Пример к первому дожиму: Для фронтенда все равно оставляю REST или GraphQL, gRPC только между бэкенд-сервисами.
Пример ко второму дожиму: Через специализированные инструменты для gRPC-трейсинга, обычный curl тут не поможет.","Пример к основному вопросу: Для внутреннего высоконагруженного взаимодействия на одном стеке - недостаток в том, что сложнее дебажить и не так удобен для внешних потребителей.
Пример к первому дожиму: Для фронтенда все равно оставляю REST или GraphQL, gRPC только между бэкенд-сервисами.
Пример ко второму дожиму: Через специализированные инструменты для gRPC-трейсинга, обычный curl тут не поможет.","Таблица Кати, вопрос 17: https://docs.google.com/spreadsheets/d/1UzFF-mgXfmzE3RdITYpf2t_IS7YiXWSb/edit"
Как вы находите риски в чужой интеграции до начала разработки?,"Интервьюер проверяет, как вы выбираете способ интеграции и учитываете надежность, нагрузку и эксплуатацию.",мидл-сеньор,интеграции,"приведите пример риска, который вы нашли, но его проигнорировали, и почему","Интервьюер добавляет новое условие к интеграции. Объясните, изменится ли ваш выбор и почему.","как вы доносите найденный риск команде разработки так, чтобы его не проигнорировали?","Интервьюер добавляет новое условие к интеграции. Объясните, изменится ли ваш выбор и почему.","Пример к основному вопросу: Смотрю на поведение при ошибках и таймаутах - обычно именно эта часть не продумана у автора интеграции.
Пример к первому дожиму: Риск дублирования при повторной отправке - посчитала маловероятным, а он реализовался при нестабильном интернете у клиентов.
Пример ко второму дожиму: Показываю конкретный сценарий, а не абстрактную формулировку риска.","Пример к основному вопросу: Смотрю на поведение при ошибках и таймаутах - обычно именно эта часть не продумана у автора интеграции.
Пример к первому дожиму: Риск дублирования при повторной отправке - посчитала маловероятным, а он реализовался при нестабильном интернете у клиентов.
Пример ко второму дожиму: Показываю конкретный сценарий, а не абстрактную формулировку риска.","Пример к основному вопросу: Смотрю на поведение при ошибках и таймаутах - обычно именно эта часть не продумана у автора интеграции.
Пример к первому дожиму: Риск дублирования при повторной отправке - посчитала маловероятным, а он реализовался при нестабильном интернете у клиентов.
Пример ко второму дожиму: Показываю конкретный сценарий, а не абстрактную формулировку риска.","Таблица Кати, вопрос 18: https://docs.google.com/spreadsheets/d/1UzFF-mgXfmzE3RdITYpf2t_IS7YiXWSb/edit"
Что такое идемпотентность и почему это важно при проектировании интеграций?,"Интервьюер проверяет, как вы выбираете способ интеграции и учитываете надежность, нагрузку и эксплуатацию.",мидл-сеньор,интеграции,"приведите пример, где ее отсутствие привело бы к проблеме","Интервьюер добавляет новое условие к интеграции. Объясните, изменится ли ваш выбор и почему.","как вы объясните идемпотентность разработчику, который никогда не сталкивался с этим термином?","Интервьюер добавляет новое условие к интеграции. Объясните, изменится ли ваш выбор и почему.","Пример к основному вопросу: Повторный вызов с теми же параметрами не должен менять результат повторно - важно, потому что при сетевых сбоях повторные запросы неизбежны.
Пример к первому дожиму: Повторная отправка платежа при плохом интернете списала бы деньги дважды.
Пример ко второму дожиму: Говорю - представь кнопку, на которую можно нажать десять раз, а спишется один раз.","Пример к основному вопросу: Повторный вызов с теми же параметрами не должен менять результат повторно - важно, потому что при сетевых сбоях повторные запросы неизбежны.
Пример к первому дожиму: Повторная отправка платежа при плохом интернете списала бы деньги дважды.
Пример ко второму дожиму: Говорю - представь кнопку, на которую можно нажать десять раз, а спишется один раз.","Пример к основному вопросу: Повторный вызов с теми же параметрами не должен менять результат повторно - важно, потому что при сетевых сбоях повторные запросы неизбежны.
Пример к первому дожиму: Повторная отправка платежа при плохом интернете списала бы деньги дважды.
Пример ко второму дожиму: Говорю - представь кнопку, на которую можно нажать десять раз, а спишется один раз.","Таблица Кати, вопрос 19: https://docs.google.com/spreadsheets/d/1UzFF-mgXfmzE3RdITYpf2t_IS7YiXWSb/edit"
"Опишите, как вы бы спроектировали интеграцию с внешним сервисом, который часто меняет свой API","Интервьюер проверяет, как вы выбираете способ интеграции и учитываете надежность, нагрузку и эксплуатацию.",мидл-сеньор,интеграции,"а если внешний сервис меняет API без предупреждения - как вы это обнаружите до того, как все сломается?","Интервьюер добавляет новое условие к интеграции. Объясните, изменится ли ваш выбор и почему.","закладывали бы вы это в SLA с партнёром, или это чисто техническое решение с вашей стороны?","Интервьюер добавляет новое условие к интеграции. Объясните, изменится ли ваш выбор и почему.","Пример к основному вопросу: Ставлю свой адаптер поверх внешнего контракта, чтобы изменения снаружи не задевали внутреннюю логику.
Пример к первому дожиму: Валидирую формат ответа на границе системы и алертю при расхождении со схемой.
Пример ко второму дожиму: Да, если отношения договорные - фиксирую в SLA обязательство уведомлять об изменениях заранее.","Пример к основному вопросу: Ставлю свой адаптер поверх внешнего контракта, чтобы изменения снаружи не задевали внутреннюю логику.
Пример к первому дожиму: Валидирую формат ответа на границе системы и алертю при расхождении со схемой.
Пример ко второму дожиму: Да, если отношения договорные - фиксирую в SLA обязательство уведомлять об изменениях заранее.","Пример к основному вопросу: Ставлю свой адаптер поверх внешнего контракта, чтобы изменения снаружи не задевали внутреннюю логику.
Пример к первому дожиму: Валидирую формат ответа на границе системы и алертю при расхождении со схемой.
Пример ко второму дожиму: Да, если отношения договорные - фиксирую в SLA обязательство уведомлять об изменениях заранее.","Таблица Кати, вопрос 20: https://docs.google.com/spreadsheets/d/1UzFF-mgXfmzE3RdITYpf2t_IS7YiXWSb/edit"
"Как бы вы спроектировали БД для интернет-магазина с пользователями, товарами и заказами, сколько нормальных форм заложите?","Интервьюер проверяет, как вы проектируете данные и объясняете практические последствия решений по базе.",мидл-сеньор,бд,а если данные вырастут на порядок - что будете менять первым?,"Интервьюер уточняет условия работы с данными. Объясните, как это повлияет на модель или техническое решение.",откуда вообще взялась эта цифра роста - как вы её проверяете заранее?,"Интервьюер уточняет условия работы с данными. Объясните, как это повлияет на модель или техническое решение.","Пример к основному вопросу: Третья нормальная форма как стартовая точка, денормализую точечно там, где подтверждено, что джойны создают реальную нагрузку.
Пример к первому дожиму: Смотрю сначала, что именно растет - объем данных или частота запросов, решения разные.
Пример ко второму дожиму: Из прогноза продукта или маркетинга, если прогноза нет - закладываю разумный запас, не более.","Пример к основному вопросу: Третья нормальная форма как стартовая точка, денормализую точечно там, где подтверждено, что джойны создают реальную нагрузку.
Пример к первому дожиму: Смотрю сначала, что именно растет - объем данных или частота запросов, решения разные.
Пример ко второму дожиму: Из прогноза продукта или маркетинга, если прогноза нет - закладываю разумный запас, не более.","Пример к основному вопросу: Третья нормальная форма как стартовая точка, денормализую точечно там, где подтверждено, что джойны создают реальную нагрузку.
Пример к первому дожиму: Смотрю сначала, что именно растет - объем данных или частота запросов, решения разные.
Пример ко второму дожиму: Из прогноза продукта или маркетинга, если прогноза нет - закладываю разумный запас, не более.","Таблица Кати, вопрос 21: https://docs.google.com/spreadsheets/d/1UzFF-mgXfmzE3RdITYpf2t_IS7YiXWSb/edit"
"В чем разница между SQL и NoSQL, и как вы выбираете между ними на практике?","Интервьюер проверяет, как вы проектируете данные и объясняете практические последствия решений по базе.",мидл-сеньор,бд,"а если на проекте уже используется SQL, а задача просится под NoSQL - что перевесит?","Интервьюер уточняет условия работы с данными. Объясните, как это повлияет на модель или техническое решение.","можно ли использовать оба одновременно в одном проекте, и когда это оправдано?","Интервьюер уточняет условия работы с данными. Объясните, как это повлияет на модель или техническое решение.","Пример к основному вопросу: Выбираю по паттерну данных - если структура жесткая и важны связи, SQL, если схема часто меняется и важен горизонтальный рост, NoSQL.
Пример к первому дожиму: Если объем данных небольшой - остаюсь на SQL, не плодя вторую технологию ради одной задачи.
Пример ко второму дожиму: Да, для разных частей системы - операционные данные в SQL, аналитику или каталог с гибкой схемой в NoSQL.","Пример к основному вопросу: Выбираю по паттерну данных - если структура жесткая и важны связи, SQL, если схема часто меняется и важен горизонтальный рост, NoSQL.
Пример к первому дожиму: Если объем данных небольшой - остаюсь на SQL, не плодя вторую технологию ради одной задачи.
Пример ко второму дожиму: Да, для разных частей системы - операционные данные в SQL, аналитику или каталог с гибкой схемой в NoSQL.","Пример к основному вопросу: Выбираю по паттерну данных - если структура жесткая и важны связи, SQL, если схема часто меняется и важен горизонтальный рост, NoSQL.
Пример к первому дожиму: Если объем данных небольшой - остаюсь на SQL, не плодя вторую технологию ради одной задачи.
Пример ко второму дожиму: Да, для разных частей системы - операционные данные в SQL, аналитику или каталог с гибкой схемой в NoSQL.","Таблица Кати, вопрос 22: https://docs.google.com/spreadsheets/d/1UzFF-mgXfmzE3RdITYpf2t_IS7YiXWSb/edit"
Как вы проектируете индексы для таблицы с высокой нагрузкой на чтение?,"Интервьюер проверяет, как вы проектируете данные и объясняете практические последствия решений по базе.",мидл-сеньор,бд,а если та же таблица получает много записи - индексы не станут проблемой?,"Интервьюер уточняет условия работы с данными. Объясните, как это повлияет на модель или техническое решение.","как узнать, что индекс вообще используется, а не просто занимает место?","Интервьюер уточняет условия работы с данными. Объясните, как это повлияет на модель или техническое решение.","Пример к основному вопросу: Индексирую поля из реальных WHERE и JOIN, проверяю через план выполнения, а не гипотетически.
Пример к первому дожиму: Тогда индексов меньше, только самые необходимые - каждый лишний индекс замедляет запись.
Пример ко второму дожиму: Смотрю план выполнения запроса, а не полагаюсь на факт существования индекса.","Пример к основному вопросу: Индексирую поля из реальных WHERE и JOIN, проверяю через план выполнения, а не гипотетически.
Пример к первому дожиму: Тогда индексов меньше, только самые необходимые - каждый лишний индекс замедляет запись.
Пример ко второму дожиму: Смотрю план выполнения запроса, а не полагаюсь на факт существования индекса.","Пример к основному вопросу: Индексирую поля из реальных WHERE и JOIN, проверяю через план выполнения, а не гипотетически.
Пример к первому дожиму: Тогда индексов меньше, только самые необходимые - каждый лишний индекс замедляет запись.
Пример ко второму дожиму: Смотрю план выполнения запроса, а не полагаюсь на факт существования индекса.","Таблица Кати, вопрос 23: https://docs.google.com/spreadsheets/d/1UzFF-mgXfmzE3RdITYpf2t_IS7YiXWSb/edit"
"Что такое партиционирование, репликация и шардирование - и когда каждое из этого нужно?","Интервьюер проверяет, как вы проектируете данные и объясняете практические последствия решений по базе.",мидл-сеньор,бд,"а если данных пока немного, но бизнес обещает кратный рост - закладывать это сейчас или потом?","Интервьюер уточняет условия работы с данными. Объясните, как это повлияет на модель или техническое решение.","а если бизнес вообще не даёт прогноза роста, только общее ""может быть много""?","Интервьюер уточняет условия работы с данными. Объясните, как это повлияет на модель или техническое решение.","Пример к основному вопросу: Партиционирование - разделение большой таблицы по ключу для ускорения выборок и архивирования, репликация - для доступности и чтения, шардирование - для распределения записи при огромном объеме.
Пример к первому дожиму: Партиционирование закладываю заранее, если добавить его позже на живой таблице - отдельный рискованный проект.
Пример ко второму дожиму: Закладываю партиционирование по естественному ключу вроде даты - это дешево и не мешает даже при небольшом объеме.","Пример к основному вопросу: Партиционирование - разделение большой таблицы по ключу для ускорения выборок и архивирования, репликация - для доступности и чтения, шардирование - для распределения записи при огромном объеме.
Пример к первому дожиму: Партиционирование закладываю заранее, если добавить его позже на живой таблице - отдельный рискованный проект.
Пример ко второму дожиму: Закладываю партиционирование по естественному ключу вроде даты - это дешево и не мешает даже при небольшом объеме.","Пример к основному вопросу: Партиционирование - разделение большой таблицы по ключу для ускорения выборок и архивирования, репликация - для доступности и чтения, шардирование - для распределения записи при огромном объеме.
Пример к первому дожиму: Партиционирование закладываю заранее, если добавить его позже на живой таблице - отдельный рискованный проект.
Пример ко второму дожиму: Закладываю партиционирование по естественному ключу вроде даты - это дешево и не мешает даже при небольшом объеме.","Таблица Кати, вопрос 24: https://docs.google.com/spreadsheets/d/1UzFF-mgXfmzE3RdITYpf2t_IS7YiXWSb/edit"
"Как вы проектируете БД под задачу, чтобы она выдерживала рост данных без переделки с нуля?","Интервьюер проверяет, как вы проектируете данные и объясняете практические последствия решений по базе.",мидл-сеньор,бд,"а если бизнес скажет, что сейчас данных мало и закладывать это сейчас - трата времени, что вы делаете?","Интервьюер уточняет условия работы с данными. Объясните, как это повлияет на модель или техническое решение.","а если вы заложили запас, а роста в итоге не случилось - была ли эта работа впустую?","Интервьюер уточняет условия работы с данными. Объясните, как это повлияет на модель или техническое решение.","Пример к основному вопросу: Закладываю партиционирование по предсказуемому ключу с самого начала, даже если сейчас данных немного.
Пример к первому дожиму: Показываю, что стоимость закладки сейчас в разы меньше стоимости миграции живой таблицы позже.
Пример ко второму дожиму: Нет - на объеме, где рост не случился, партиционирование не мешает и не создает накладных расходов.","Пример к основному вопросу: Закладываю партиционирование по предсказуемому ключу с самого начала, даже если сейчас данных немного.
Пример к первому дожиму: Показываю, что стоимость закладки сейчас в разы меньше стоимости миграции живой таблицы позже.
Пример ко второму дожиму: Нет - на объеме, где рост не случился, партиционирование не мешает и не создает накладных расходов.","Пример к основному вопросу: Закладываю партиционирование по предсказуемому ключу с самого начала, даже если сейчас данных немного.
Пример к первому дожиму: Показываю, что стоимость закладки сейчас в разы меньше стоимости миграции живой таблицы позже.
Пример ко второму дожиму: Нет - на объеме, где рост не случился, партиционирование не мешает и не создает накладных расходов.","Таблица Кати, вопрос 25: https://docs.google.com/spreadsheets/d/1UzFF-mgXfmzE3RdITYpf2t_IS7YiXWSb/edit"
"Расскажите про случай, когда решение по структуре данных, которое вы заложили в требованиях или логической модели, привело к проблеме в продакшене","Интервьюер проверяет, как вы проектируете данные и объясняете практические последствия решений по базе.",мидл-сеньор,бд,почему этот риск не заметили на этапе проработки требований к БД?,"Интервьюер уточняет условия работы с данными. Объясните, как это повлияет на модель или техническое решение.","как вы теперь проверяете модель данных перед тем, как отдать её в разработку?","Интервьюер уточняет условия работы с данными. Объясните, как это повлияет на модель или техническое решение.","Пример к основному вопросу: Не заложили индекс на поле, по которому позже начали активно фильтровать - запрос по этому полю стал занимать секунды при росте таблицы.
Пример к первому дожиму: Потому что на момент проектирования это поле не рассматривалось как частый фильтр - изменилось использование продукта.
Пример ко второму дожиму: Прогоняю план запроса на реалистичном объеме данных до релиза, а не после жалоб.","Пример к основному вопросу: Не заложили индекс на поле, по которому позже начали активно фильтровать - запрос по этому полю стал занимать секунды при росте таблицы.
Пример к первому дожиму: Потому что на момент проектирования это поле не рассматривалось как частый фильтр - изменилось использование продукта.
Пример ко второму дожиму: Прогоняю план запроса на реалистичном объеме данных до релиза, а не после жалоб.","Пример к основному вопросу: Не заложили индекс на поле, по которому позже начали активно фильтровать - запрос по этому полю стал занимать секунды при росте таблицы.
Пример к первому дожиму: Потому что на момент проектирования это поле не рассматривалось как частый фильтр - изменилось использование продукта.
Пример ко второму дожиму: Прогоняю план запроса на реалистичном объеме данных до релиза, а не после жалоб.","Таблица Кати, вопрос 26: https://docs.google.com/spreadsheets/d/1UzFF-mgXfmzE3RdITYpf2t_IS7YiXWSb/edit"
Какие виды ограничений (констрейнтов) вы закладываете при проектировании структуры данных и зачем нужен каждый из них?,"Интервьюер проверяет, как вы проектируете данные и объясняете практические последствия решений по базе.",мидл-сеньор,бд,"а если разработчик говорит, что то же самое можно проверить на уровне кода приложения - зачем дублировать это ограничениями на уровне БД?","Интервьюер уточняет условия работы с данными. Объясните, как это повлияет на модель или техническое решение.","бывают ли ограничения, которые вы намеренно не ставите на уровне БД, хотя технически могли бы?","Интервьюер уточняет условия работы с данными. Объясните, как это повлияет на модель или техническое решение.","Пример к основному вопросу: NOT NULL, UNIQUE, FOREIGN KEY, CHECK - каждый защищает целостность на случай, если баг в коде пропустит невалидные данные.
Пример к первому дожиму: Ограничение в БД - последний рубеж, который сработает даже если код с ошибкой это пропустил.
Пример ко второму дожиму: Избыточно строгий CHECK, если бизнес-правило еще может измениться - тогда проверяю только в коде, пока правило не стабилизируется.","Пример к основному вопросу: NOT NULL, UNIQUE, FOREIGN KEY, CHECK - каждый защищает целостность на случай, если баг в коде пропустит невалидные данные.
Пример к первому дожиму: Ограничение в БД - последний рубеж, который сработает даже если код с ошибкой это пропустил.
Пример ко второму дожиму: Избыточно строгий CHECK, если бизнес-правило еще может измениться - тогда проверяю только в коде, пока правило не стабилизируется.","Пример к основному вопросу: NOT NULL, UNIQUE, FOREIGN KEY, CHECK - каждый защищает целостность на случай, если баг в коде пропустит невалидные данные.
Пример к первому дожиму: Ограничение в БД - последний рубеж, который сработает даже если код с ошибкой это пропустил.
Пример ко второму дожиму: Избыточно строгий CHECK, если бизнес-правило еще может измениться - тогда проверяю только в коде, пока правило не стабилизируется.","Таблица Кати, вопрос 27: https://docs.google.com/spreadsheets/d/1UzFF-mgXfmzE3RdITYpf2t_IS7YiXWSb/edit"
"Есть две таблицы: ""ученики"" (id, имя, класс, учитель_id) и ""учителя"" (id, имя, предмет). Как бы вы написали запрос, чтобы вывести всех учителей и количество учеников у каждого - включая учителей, у которых пока нет ни одного ученика?","Интервьюер проверяет, как вы проектируете данные и объясняете практические последствия решений по базе.",мидл-сеньор,бд,"а если нужно оставить в выборке только тех учителей, у кого учеников больше 5 - что в запросе изменится?","Интервьюер уточняет условия работы с данными. Объясните, как это повлияет на модель или техническое решение.","как переписать запрос, если нужно вывести ещё и учителей вообще без класса, привязанного к предмету?","Интервьюер уточняет условия работы с данными. Объясните, как это повлияет на модель или техническое решение.","Пример к основному вопросу: LEFT JOIN учителей к ученикам с GROUP BY и COUNT, чтобы не потерять учителей без учеников.
Пример к первому дожиму: Добавляю HAVING count(*) > 5 после GROUP BY.
Пример ко второму дожиму: Нужно уточнить структуру данных - если предмет хранится отдельно, добавляю LEFT JOIN еще и к этой таблице.","Пример к основному вопросу: LEFT JOIN учителей к ученикам с GROUP BY и COUNT, чтобы не потерять учителей без учеников.
Пример к первому дожиму: Добавляю HAVING count(*) > 5 после GROUP BY.
Пример ко второму дожиму: Нужно уточнить структуру данных - если предмет хранится отдельно, добавляю LEFT JOIN еще и к этой таблице.","Пример к основному вопросу: LEFT JOIN учителей к ученикам с GROUP BY и COUNT, чтобы не потерять учителей без учеников.
Пример к первому дожиму: Добавляю HAVING count(*) > 5 после GROUP BY.
Пример ко второму дожиму: Нужно уточнить структуру данных - если предмет хранится отдельно, добавляю LEFT JOIN еще и к этой таблице.","Таблица Кати, вопрос 28: https://docs.google.com/spreadsheets/d/1UzFF-mgXfmzE3RdITYpf2t_IS7YiXWSb/edit"
"В таблице ""ученики"" у каждого есть поле ""балл"" (последняя оценка). Как вывести имя и класс только тех учеников, чей балл выше среднего балла по их же классу?","Интервьюер проверяет, как вы проектируете данные и объясняете практические последствия решений по базе.",мидл-сеньор,бд,"а если нужно не сравнение со средним, а top-3 ученика по баллу в каждом классе - как перепишете запрос?","Интервьюер уточняет условия работы с данными. Объясните, как это повлияет на модель или техническое решение.",а если у нескольких учеников на границе top-3 одинаковый балл - как это обработать?,"Интервьюер уточняет условия работы с данными. Объясните, как это повлияет на модель или техническое решение.","Пример к основному вопросу: Подзапрос с AVG и GROUP BY по классу, сравниваю балл ученика с этим средним.
Пример к первому дожиму: Оконная функция RANK или ROW_NUMBER с PARTITION BY класс, ORDER BY балл.
Пример ко второму дожиму: Использую RANK вместо ROW_NUMBER, если нужно включать всех с одинаковым баллом, DENSE_RANK - если места не должны пропускаться.","Пример к основному вопросу: Подзапрос с AVG и GROUP BY по классу, сравниваю балл ученика с этим средним.
Пример к первому дожиму: Оконная функция RANK или ROW_NUMBER с PARTITION BY класс, ORDER BY балл.
Пример ко второму дожиму: Использую RANK вместо ROW_NUMBER, если нужно включать всех с одинаковым баллом, DENSE_RANK - если места не должны пропускаться.","Пример к основному вопросу: Подзапрос с AVG и GROUP BY по классу, сравниваю балл ученика с этим средним.
Пример к первому дожиму: Оконная функция RANK или ROW_NUMBER с PARTITION BY класс, ORDER BY балл.
Пример ко второму дожиму: Использую RANK вместо ROW_NUMBER, если нужно включать всех с одинаковым баллом, DENSE_RANK - если места не должны пропускаться.","Таблица Кати, вопрос 29: https://docs.google.com/spreadsheets/d/1UzFF-mgXfmzE3RdITYpf2t_IS7YiXWSb/edit"
"Опишите ERD для системы из интернет-магазина, какие сущности и связи вы бы выделили","Интервьюер проверяет, как вы проектируете данные и объясняете практические последствия решений по базе.",мидл-сеньор,бд,"а если в процессе разработки выяснится, что одна из связей должна быть ""многие ко многим"" - как перепроектируете без остановки проекта?","Интервьюер уточняет условия работы с данными. Объясните, как это повлияет на модель или техническое решение.","как вы понимаете на этапе проектирования, что связь на самом деле многие-ко-многим, а не один-ко-многим?","Интервьюер уточняет условия работы с данными. Объясните, как это повлияет на модель или техническое решение.","Пример к основному вопросу: Выделяю сущности по реальным объектам предметной области и связи по факту, как они взаимодействуют, а не по тому, что кажется логичным на бумаге.
Пример к первому дожиму: Добавляю промежуточную таблицу связи, не трогая существующие таблицы напрямую.
Пример ко второму дожиму: Если сущность А может относиться к нескольким Б, и наоборот - сразу многие-ко-многим, и лучше промежуточную таблицу заложить с самого начала.","Пример к основному вопросу: Выделяю сущности по реальным объектам предметной области и связи по факту, как они взаимодействуют, а не по тому, что кажется логичным на бумаге.
Пример к первому дожиму: Добавляю промежуточную таблицу связи, не трогая существующие таблицы напрямую.
Пример ко второму дожиму: Если сущность А может относиться к нескольким Б, и наоборот - сразу многие-ко-многим, и лучше промежуточную таблицу заложить с самого начала.","Пример к основному вопросу: Выделяю сущности по реальным объектам предметной области и связи по факту, как они взаимодействуют, а не по тому, что кажется логичным на бумаге.
Пример к первому дожиму: Добавляю промежуточную таблицу связи, не трогая существующие таблицы напрямую.
Пример ко второму дожиму: Если сущность А может относиться к нескольким Б, и наоборот - сразу многие-ко-многим, и лучше промежуточную таблицу заложить с самого начала.","Таблица Кати, вопрос 30: https://docs.google.com/spreadsheets/d/1UzFF-mgXfmzE3RdITYpf2t_IS7YiXWSb/edit"
"Как вы фиксируете требования к системе так, чтобы не переделывать их трижды?","Интервьюер проверяет, как вы работаете с требованиями, неопределенностью и участниками проекта.",мидл-сеньор,требования,"а если бизнес утверждает, что впервые слышит про зафиксированное требование - как доказываете обратное?","Интервьюер усложняет рабочую ситуацию. Объясните, как вы продолжите работу с требованиями и участниками проекта.",в каком формате вы обычно фиксируете требования и почему выбрали именно его?,"Интервьюер усложняет рабочую ситуацию. Объясните, как вы продолжите работу с требованиями и участниками проекта.","Пример к основному вопросу: Фиксирую в структурированном документе с критериями приемки и прошу письменное согласование перед стартом разработки.
Пример к первому дожиму: Показываю зафиксированный и подтвержденный документ с датой согласования.
Пример ко второму дожиму: Текстовая постановка с примерами данных - формат выбрала, потому что его одинаково читают и бизнес, и разработка.","Пример к основному вопросу: Фиксирую в структурированном документе с критериями приемки и прошу письменное согласование перед стартом разработки.
Пример к первому дожиму: Показываю зафиксированный и подтвержденный документ с датой согласования.
Пример ко второму дожиму: Текстовая постановка с примерами данных - формат выбрала, потому что его одинаково читают и бизнес, и разработка.","Пример к основному вопросу: Фиксирую в структурированном документе с критериями приемки и прошу письменное согласование перед стартом разработки.
Пример к первому дожиму: Показываю зафиксированный и подтвержденный документ с датой согласования.
Пример ко второму дожиму: Текстовая постановка с примерами данных - формат выбрала, потому что его одинаково читают и бизнес, и разработка.","Таблица Кати, вопрос 31: https://docs.google.com/spreadsheets/d/1UzFF-mgXfmzE3RdITYpf2t_IS7YiXWSb/edit"
"Расскажите про ситуацию, когда бизнес менял требования каждую неделю. Как вы поступали и относились?","Интервьюер проверяет, как вы работаете с требованиями, неопределенностью и участниками проекта.",мидл-сеньор,требования,"а если бизнес - ваш прямой руководитель, и остановить сложно из-за иерархии?","Интервьюер усложняет рабочую ситуацию. Объясните, как вы продолжите работу с требованиями и участниками проекта.",как вы отличаете нормальную доработку идеи бизнесом от хаотичных метаний?,"Интервьюер усложняет рабочую ситуацию. Объясните, как вы продолжите работу с требованиями и участниками проекта.","Пример к основному вопросу: Зафиксировала цикл изменений на уровне спринта и показала, во сколько обходится частая правка в переделках.
Пример к первому дожиму: Показываю не эмоцию, а цифру - сколько часов разработки ушло на переделки за месяц.
Пример ко второму дожиму: Нормальная доработка идет по одному направлению, хаос - когда решение меняется на противоположное без новой информации.","Пример к основному вопросу: Зафиксировала цикл изменений на уровне спринта и показала, во сколько обходится частая правка в переделках.
Пример к первому дожиму: Показываю не эмоцию, а цифру - сколько часов разработки ушло на переделки за месяц.
Пример ко второму дожиму: Нормальная доработка идет по одному направлению, хаос - когда решение меняется на противоположное без новой информации.","Пример к основному вопросу: Зафиксировала цикл изменений на уровне спринта и показала, во сколько обходится частая правка в переделках.
Пример к первому дожиму: Показываю не эмоцию, а цифру - сколько часов разработки ушло на переделки за месяц.
Пример ко второму дожиму: Нормальная доработка идет по одному направлению, хаос - когда решение меняется на противоположное без новой информации.","Таблица Кати, вопрос 32: https://docs.google.com/spreadsheets/d/1UzFF-mgXfmzE3RdITYpf2t_IS7YiXWSb/edit"
"Как вы пишете постановку так, чтобы разработчик не звонил вам с ""уточни""?","Интервьюер проверяет, как вы работаете с требованиями, неопределенностью и участниками проекта.",мидл-сеньор,требования,"а если разработчик все равно звонит - значит, постановка была плохая, или дело в другом?","Интервьюер усложняет рабочую ситуацию. Объясните, как вы продолжите работу с требованиями и участниками проекта.","сколько времени вы обычно тратите на одну постановку, и не слишком ли это много?","Интервьюер усложняет рабочую ситуацию. Объясните, как вы продолжите работу с требованиями и участниками проекта.","Пример к основному вопросу: Описываю не только успешный сценарий, но и граничные случаи и ошибки заранее.
Пример к первому дожиму: Не всегда вина постановки - иногда вопрос касается детали реализации, которую сознательно оставила на усмотрение разработки.
Пример ко второму дожиму: Зависит от сложности, но закладываю время на проверку граничных случаев отдельно от основного текста.","Пример к основному вопросу: Описываю не только успешный сценарий, но и граничные случаи и ошибки заранее.
Пример к первому дожиму: Не всегда вина постановки - иногда вопрос касается детали реализации, которую сознательно оставила на усмотрение разработки.
Пример ко второму дожиму: Зависит от сложности, но закладываю время на проверку граничных случаев отдельно от основного текста.","Пример к основному вопросу: Описываю не только успешный сценарий, но и граничные случаи и ошибки заранее.
Пример к первому дожиму: Не всегда вина постановки - иногда вопрос касается детали реализации, которую сознательно оставила на усмотрение разработки.
Пример ко второму дожиму: Зависит от сложности, но закладываю время на проверку граничных случаев отдельно от основного текста.","Таблица Кати, вопрос 33: https://docs.google.com/spreadsheets/d/1UzFF-mgXfmzE3RdITYpf2t_IS7YiXWSb/edit"
"Какие вопросы вы задаете бизнесу перед началом проекта, чтобы не собирать требования заново через месяц?","Интервьюер проверяет, как вы работаете с требованиями, неопределенностью и участниками проекта.",мидл-сеньор,требования,а если бизнес сам не знает ответы на эти вопросы - что делаете дальше?,"Интервьюер усложняет рабочую ситуацию. Объясните, как вы продолжите работу с требованиями и участниками проекта.","у вас есть готовый чек-лист таких вопросов, или каждый раз формулируете заново?","Интервьюер усложняет рабочую ситуацию. Объясните, как вы продолжите работу с требованиями и участниками проекта.","Пример к основному вопросу: Какая цель, кто пользователь, что считается успехом, какие есть ограничения по срокам и бюджету.
Пример к первому дожиму: Помогаю сформулировать через конкретный сценарий, а не абстрактный вопрос.
Пример ко второму дожиму: Да, базовый есть, но адаптирую под конкретный проект.","Пример к основному вопросу: Какая цель, кто пользователь, что считается успехом, какие есть ограничения по срокам и бюджету.
Пример к первому дожиму: Помогаю сформулировать через конкретный сценарий, а не абстрактный вопрос.
Пример ко второму дожиму: Да, базовый есть, но адаптирую под конкретный проект.","Пример к основному вопросу: Какая цель, кто пользователь, что считается успехом, какие есть ограничения по срокам и бюджету.
Пример к первому дожиму: Помогаю сформулировать через конкретный сценарий, а не абстрактный вопрос.
Пример ко второму дожиму: Да, базовый есть, но адаптирую под конкретный проект.","Таблица Кати, вопрос 34: https://docs.google.com/spreadsheets/d/1UzFF-mgXfmzE3RdITYpf2t_IS7YiXWSb/edit"
"Как вы поступаете, если разработчик и бизнес по-разному понимают одно и то же требование?","Интервьюер проверяет, как вы работаете с требованиями, неопределенностью и участниками проекта.",мидл-сеньор,требования,"а если каждый из них настаивает, что прав именно он - как разрешаете спор?","Интервьюер усложняет рабочую ситуацию. Объясните, как вы продолжите работу с требованиями и участниками проекта.","кто вообще должен был это расхождение заметить раньше - вы, разработчик или бизнес?","Интервьюер усложняет рабочую ситуацию. Объясните, как вы продолжите работу с требованиями и участниками проекта.","Пример к основному вопросу: Организую встречу, где обе стороны проговаривают понимание вслух на конкретном примере данных.
Пример к первому дожиму: Показываю исходный текст требования и прошу обоих указать, где именно текст допускает два толкования - обычно неоднозначность в самой формулировке.
Пример ко второму дожиму: Я, как автор постановки - расхождение говорит, что документ был неполным.","Пример к основному вопросу: Организую встречу, где обе стороны проговаривают понимание вслух на конкретном примере данных.
Пример к первому дожиму: Показываю исходный текст требования и прошу обоих указать, где именно текст допускает два толкования - обычно неоднозначность в самой формулировке.
Пример ко второму дожиму: Я, как автор постановки - расхождение говорит, что документ был неполным.","Пример к основному вопросу: Организую встречу, где обе стороны проговаривают понимание вслух на конкретном примере данных.
Пример к первому дожиму: Показываю исходный текст требования и прошу обоих указать, где именно текст допускает два толкования - обычно неоднозначность в самой формулировке.
Пример ко второму дожиму: Я, как автор постановки - расхождение говорит, что документ был неполным.","Таблица Кати, вопрос 35: https://docs.google.com/spreadsheets/d/1UzFF-mgXfmzE3RdITYpf2t_IS7YiXWSb/edit"
"Расскажите, как вы согласовываете требования между несколькими заинтересованными сторонами с разными интересами","Интервьюер проверяет, как вы работаете с требованиями, неопределенностью и участниками проекта.",мидл-сеньор,требования,а если интересы сторон прямо противоречат друг другу - кого вы приоритизируете и почему?,"Интервьюер усложняет рабочую ситуацию. Объясните, как вы продолжите работу с требованиями и участниками проекта.","а если решение в пользу одной стороны означает, что другая начнёт саботировать проект - как это учитываете?","Интервьюер усложняет рабочую ситуацию. Объясните, как вы продолжите работу с требованиями и участниками проекта.","Пример к основному вопросу: Показываю каждой стороне, как вариант влияет на общую цель проекта, и ищу решение, а не компромисс между людьми.
Пример к первому дожиму: Эскалирую тому, у кого выше приоритет по бизнес-цели проекта.
Пример ко второму дожиму: Учитываю это как риск и обсуждаю его отдельно с тем, кто принимает финальное решение.","Пример к основному вопросу: Показываю каждой стороне, как вариант влияет на общую цель проекта, и ищу решение, а не компромисс между людьми.
Пример к первому дожиму: Эскалирую тому, у кого выше приоритет по бизнес-цели проекта.
Пример ко второму дожиму: Учитываю это как риск и обсуждаю его отдельно с тем, кто принимает финальное решение.","Пример к основному вопросу: Показываю каждой стороне, как вариант влияет на общую цель проекта, и ищу решение, а не компромисс между людьми.
Пример к первому дожиму: Эскалирую тому, у кого выше приоритет по бизнес-цели проекта.
Пример ко второму дожиму: Учитываю это как риск и обсуждаю его отдельно с тем, кто принимает финальное решение.","Таблица Кати, вопрос 36: https://docs.google.com/spreadsheets/d/1UzFF-mgXfmzE3RdITYpf2t_IS7YiXWSb/edit"
"Что вы делаете, если понимаете, что требование, которое вам дали, технически нереализуемо в срок?","Интервьюер проверяет, как вы работаете с требованиями, неопределенностью и участниками проекта.",мидл-сеньор,требования,а если руководство все равно настаивает на исходном сроке - как вы поступите?,"Интервьюер усложняет рабочую ситуацию. Объясните, как вы продолжите работу с требованиями и участниками проекта.","на каком этапе вы поняли, что это нереализуемо - можно ли было увидеть это раньше?","Интервьюер усложняет рабочую ситуацию. Объясните, как вы продолжите работу с требованиями и участниками проекта.","Пример к основному вопросу: Приношу руководству не проблему, а варианты - сократить скоуп, сдвинуть срок, добавить ресурсы - с последствиями каждого.
Пример к первому дожиму: Фиксирую это как решение руководства с известным риском, беру подтверждение письменно.
Пример ко второму дожиму: Обычно на этапе оценки с разработкой, до фиксации срока перед бизнесом - если время уже зафиксировано, значит эта оценка была пропущена раньше.","Пример к основному вопросу: Приношу руководству не проблему, а варианты - сократить скоуп, сдвинуть срок, добавить ресурсы - с последствиями каждого.
Пример к первому дожиму: Фиксирую это как решение руководства с известным риском, беру подтверждение письменно.
Пример ко второму дожиму: Обычно на этапе оценки с разработкой, до фиксации срока перед бизнесом - если время уже зафиксировано, значит эта оценка была пропущена раньше.","Пример к основному вопросу: Приношу руководству не проблему, а варианты - сократить скоуп, сдвинуть срок, добавить ресурсы - с последствиями каждого.
Пример к первому дожиму: Фиксирую это как решение руководства с известным риском, беру подтверждение письменно.
Пример ко второму дожиму: Обычно на этапе оценки с разработкой, до фиксации срока перед бизнесом - если время уже зафиксировано, значит эта оценка была пропущена раньше.","Таблица Кати, вопрос 37: https://docs.google.com/spreadsheets/d/1UzFF-mgXfmzE3RdITYpf2t_IS7YiXWSb/edit"
"Как вы задаете уточняющий вопрос архитектору или тимлиду, не боясь показаться некомпетентным?","Интервьюер проверяет, как вы работаете с требованиями, неопределенностью и участниками проекта.",мидл-сеньор,требования,"а если в ответ вам говорят ""это же очевидно"" - как реагируете?","Интервьюер усложняет рабочую ситуацию. Объясните, как вы продолжите работу с требованиями и участниками проекта.","как вы готовите вопрос заранее, чтобы он не звучал как ""я вообще не подумала""?","Интервьюер усложняет рабочую ситуацию. Объясните, как вы продолжите работу с требованиями и участниками проекта.","Пример к основному вопросу: Формулирую вопрос через контекст - что уже поняла и что именно неясно, а не просто ""объясните"".
Пример к первому дожиму: Прошу пример на конкретных данных - если после примера все еще неясно, значит вопрос был обоснован.
Пример ко второму дожиму: Формулирую письменно перед встречей, чтобы не звучать как ""не подумала"".","Пример к основному вопросу: Формулирую вопрос через контекст - что уже поняла и что именно неясно, а не просто ""объясните"".
Пример к первому дожиму: Прошу пример на конкретных данных - если после примера все еще неясно, значит вопрос был обоснован.
Пример ко второму дожиму: Формулирую письменно перед встречей, чтобы не звучать как ""не подумала"".","Пример к основному вопросу: Формулирую вопрос через контекст - что уже поняла и что именно неясно, а не просто ""объясните"".
Пример к первому дожиму: Прошу пример на конкретных данных - если после примера все еще неясно, значит вопрос был обоснован.
Пример ко второму дожиму: Формулирую письменно перед встречей, чтобы не звучать как ""не подумала"".","Таблица Кати, вопрос 38: https://docs.google.com/spreadsheets/d/1UzFF-mgXfmzE3RdITYpf2t_IS7YiXWSb/edit"
"Опишите, как вы бы собрали требования с нуля для нового продукта за одну встречу","Интервьюер проверяет, как вы работаете с требованиями, неопределенностью и участниками проекта.",мидл-сеньор,требования,а если за одну встречу собрать все требования физически невозможно - что вы пожертвуете?,"Интервьюер усложняет рабочую ситуацию. Объясните, как вы продолжите работу с требованиями и участниками проекта.","как вы готовитесь к такой встрече заранее, чтобы не терять время в моменте?","Интервьюер усложняет рабочую ситуацию. Объясните, как вы продолжите работу с требованиями и участниками проекта.","Пример к основному вопросу: Заранее готовлю список ключевых вопросов и структуру встречи, чтобы не тратить время на импровизацию в моменте.
Пример к первому дожиму: Жертвую деталями реализации ради ясности по цели и ключевым сценариям - детали доберу на следующей встрече.
Пример ко второму дожиму: Читаю все, что есть по проекту, готовлю гипотезы вопросов до встречи.","Пример к основному вопросу: Заранее готовлю список ключевых вопросов и структуру встречи, чтобы не тратить время на импровизацию в моменте.
Пример к первому дожиму: Жертвую деталями реализации ради ясности по цели и ключевым сценариям - детали доберу на следующей встрече.
Пример ко второму дожиму: Читаю все, что есть по проекту, готовлю гипотезы вопросов до встречи.","Пример к основному вопросу: Заранее готовлю список ключевых вопросов и структуру встречи, чтобы не тратить время на импровизацию в моменте.
Пример к первому дожиму: Жертвую деталями реализации ради ясности по цели и ключевым сценариям - детали доберу на следующей встрече.
Пример ко второму дожиму: Читаю все, что есть по проекту, готовлю гипотезы вопросов до встречи.","Таблица Кати, вопрос 39: https://docs.google.com/spreadsheets/d/1UzFF-mgXfmzE3RdITYpf2t_IS7YiXWSb/edit"
"Как вы фиксируете договоренности с бизнесом, чтобы к ним нельзя было вернуться через месяц со словами ""мы это не обсуждали""?","Интервьюер проверяет, как вы работаете с требованиями, неопределенностью и участниками проекта.",мидл-сеньор,требования,"а если бизнес все равно возвращается с этой фразой, несмотря на фиксацию - что дальше?","Интервьюер усложняет рабочую ситуацию. Объясните, как вы продолжите работу с требованиями и участниками проекта.","в каком виде вы фиксируете договорённость, и кто подтверждает, что зафиксировано верно?","Интервьюер усложняет рабочую ситуацию. Объясните, как вы продолжите работу с требованиями и участниками проекта.","Пример к основному вопросу: Прошу подтвердить формулировку словами ""правильно понимаю, что..."" прямо на встрече, а не постфактум.
Пример к первому дожиму: Показываю зафиксированный и подтвержденный документ с датой.
Пример ко второму дожиму: Протокол встречи с явным подтверждением от участников.","Пример к основному вопросу: Прошу подтвердить формулировку словами ""правильно понимаю, что..."" прямо на встрече, а не постфактум.
Пример к первому дожиму: Показываю зафиксированный и подтвержденный документ с датой.
Пример ко второму дожиму: Протокол встречи с явным подтверждением от участников.","Пример к основному вопросу: Прошу подтвердить формулировку словами ""правильно понимаю, что..."" прямо на встрече, а не постфактум.
Пример к первому дожиму: Показываю зафиксированный и подтвержденный документ с датой.
Пример ко второму дожиму: Протокол встречи с явным подтверждением от участников.","Таблица Кати, вопрос 40: https://docs.google.com/spreadsheets/d/1UzFF-mgXfmzE3RdITYpf2t_IS7YiXWSb/edit"
"А вы уверены, что это правильное решение?","Интервьюер проверяет, как вы действуете под давлением и выстраиваете рабочую коммуникацию.",мидл-сеньор,soft-skills,"а что, если я скажу, что видел похожий случай, где это решение провалилось?","Интервьюер добавляет давление или ограничение. Объясните, как вы поступите в этой ситуации.","что конкретно заставит вас поменять решение прямо сейчас, в этом разговоре?","Интервьюер добавляет давление или ограничение. Объясните, как вы поступите в этой ситуации.","Пример к основному вопросу: Уверена в рамках тех вводных, которые у меня были на момент решения - если вводные другие, готова пересмотреть.
Пример к первому дожиму: Прошу описать условия того случая - если контекст другой, аргумент не переносится напрямую.
Пример ко второму дожиму: Новый факт о вводных, а не сам факт сомнения собеседника.","Пример к основному вопросу: Уверена в рамках тех вводных, которые у меня были на момент решения - если вводные другие, готова пересмотреть.
Пример к первому дожиму: Прошу описать условия того случая - если контекст другой, аргумент не переносится напрямую.
Пример ко второму дожиму: Новый факт о вводных, а не сам факт сомнения собеседника.","Пример к основному вопросу: Уверена в рамках тех вводных, которые у меня были на момент решения - если вводные другие, готова пересмотреть.
Пример к первому дожиму: Прошу описать условия того случая - если контекст другой, аргумент не переносится напрямую.
Пример ко второму дожиму: Новый факт о вводных, а не сам факт сомнения собеседника.","Таблица Кати, вопрос 41: https://docs.google.com/spreadsheets/d/1UzFF-mgXfmzE3RdITYpf2t_IS7YiXWSb/edit"
"Основной сценарий: система резервирует товар на 15 минут на время оплаты. Альтернатива (проще): списывать товар сразу при оформлении заказа. Почему резерв, а не прямое списание?","Интервьюер проверяет, как вы действуете под давлением и выстраиваете рабочую коммуникацию.",мидл-сеньор,soft-skills,"а если ""проще"" в вашем случае еще и дешевле в разработке - это не перевешивает ваши аргументы?","Интервьюер добавляет давление или ограничение. Объясните, как вы поступите в этой ситуации.","как вы объясните это решение финансовому директору, который считает деньги, а не риски?","Интервьюер добавляет давление или ограничение. Объясните, как вы поступите в этой ситуации.","Пример к основному вопросу: При прямом списании товар может на несколько минут ""потеряться"" из наличия для других покупателей еще до подтвержденной оплаты, а при частой неуспешной оплате склад будет постоянно дергаться списанием и возвратом.
Пример к первому дожиму: Дешевле сейчас не значит дешевле в итоге - постоянные списания-возвраты создают больше нагрузки на склад и риск гонки, чем единоразовая логика резерва.
Пример ко второму дожиму: Объясняю через риск потери продажи - при прямом списании два покупателя одновременно могут думать, что купили последний товар, а получит его только один, это возврат и недовольство клиента, которое стоит дороже.","Пример к основному вопросу: При прямом списании товар может на несколько минут ""потеряться"" из наличия для других покупателей еще до подтвержденной оплаты, а при частой неуспешной оплате склад будет постоянно дергаться списанием и возвратом.
Пример к первому дожиму: Дешевле сейчас не значит дешевле в итоге - постоянные списания-возвраты создают больше нагрузки на склад и риск гонки, чем единоразовая логика резерва.
Пример ко второму дожиму: Объясняю через риск потери продажи - при прямом списании два покупателя одновременно могут думать, что купили последний товар, а получит его только один, это возврат и недовольство клиента, которое стоит дороже.","Пример к основному вопросу: При прямом списании товар может на несколько минут ""потеряться"" из наличия для других покупателей еще до подтвержденной оплаты, а при частой неуспешной оплате склад будет постоянно дергаться списанием и возвратом.
Пример к первому дожиму: Дешевле сейчас не значит дешевле в итоге - постоянные списания-возвраты создают больше нагрузки на склад и риск гонки, чем единоразовая логика резерва.
Пример ко второму дожиму: Объясняю через риск потери продажи - при прямом списании два покупателя одновременно могут думать, что купили последний товар, а получит его только один, это возврат и недовольство клиента, которое стоит дороже.","Таблица Кати, вопрос 42: https://docs.google.com/spreadsheets/d/1UzFF-mgXfmzE3RdITYpf2t_IS7YiXWSb/edit"
"Допустим, пока товар зарезервирован, два разных пользователя одновременно нажимают ""оплатить"" на один и тот же последний экземпляр товара - что произойдёт в вашей системе и как вы это предотвращаете?","Интервьюер проверяет, как вы действуете под давлением и выстраиваете рабочую коммуникацию.",мидл-сеньор,soft-skills,"а если резерв ставится не через блокировку в БД, а асинхронно через очередь - гонка условий вообще возможна?","Интервьюер добавляет давление или ограничение. Объясните, как вы поступите в этой ситуации.","как вы протестируете это поведение перед релизом, если гонка условий по определению редко воспроизводится?","Интервьюер добавляет давление или ограничение. Объясните, как вы поступите в этой ситуации.","Пример к основному вопросу: Резерв ставится через блокировку на уровне БД (SELECT FOR UPDATE) - второй запрос ждет, пока первый завершит транзакцию, и увидит, что товара больше нет.
Пример к первому дожиму: Да, возможна, если нет отдельного механизма атомарного уменьшения остатка - тогда нужна идемпотентность и проверка остатка непосредственно перед резервированием.
Пример ко второму дожиму: Через нагрузочный тест с параллельными запросами на один и тот же товар с искусственно малым остатком.","Пример к основному вопросу: Резерв ставится через блокировку на уровне БД (SELECT FOR UPDATE) - второй запрос ждет, пока первый завершит транзакцию, и увидит, что товара больше нет.
Пример к первому дожиму: Да, возможна, если нет отдельного механизма атомарного уменьшения остатка - тогда нужна идемпотентность и проверка остатка непосредственно перед резервированием.
Пример ко второму дожиму: Через нагрузочный тест с параллельными запросами на один и тот же товар с искусственно малым остатком.","Пример к основному вопросу: Резерв ставится через блокировку на уровне БД (SELECT FOR UPDATE) - второй запрос ждет, пока первый завершит транзакцию, и увидит, что товара больше нет.
Пример к первому дожиму: Да, возможна, если нет отдельного механизма атомарного уменьшения остатка - тогда нужна идемпотентность и проверка остатка непосредственно перед резервированием.
Пример ко второму дожиму: Через нагрузочный тест с параллельными запросами на один и тот же товар с искусственно малым остатком.","Таблица Кати, вопрос 43: https://docs.google.com/spreadsheets/d/1UzFF-mgXfmzE3RdITYpf2t_IS7YiXWSb/edit"
Расскажите о своем самом большом профессиональном провале и что вы из него вынесли,"Интервьюер проверяет, как вы действуете под давлением и выстраиваете рабочую коммуникацию.",мидл-сеньор,soft-skills,а если бы вам дали ту же задачу сегодня - что бы сделали иначе?,"Интервьюер добавляет давление или ограничение. Объясните, как вы поступите в этой ситуации.","кто-то ещё пострадал от этой ошибки, кроме вас - как вы с этим разбирались?","Интервьюер добавляет давление или ограничение. Объясните, как вы поступите в этой ситуации.","Пример к основному вопросу: Заложила интеграцию без обработки таймаута внешнего сервиса - при его замедлении зависла часть пользовательских сценариев.
Пример к первому дожиму: Сразу заложила бы таймаут и понятную ошибку вместо зависания.
Пример ко второму дожиму: Да, разработчику пришлось делать срочный хотфикс вечером.","Пример к основному вопросу: Заложила интеграцию без обработки таймаута внешнего сервиса - при его замедлении зависла часть пользовательских сценариев.
Пример к первому дожиму: Сразу заложила бы таймаут и понятную ошибку вместо зависания.
Пример ко второму дожиму: Да, разработчику пришлось делать срочный хотфикс вечером.","Пример к основному вопросу: Заложила интеграцию без обработки таймаута внешнего сервиса - при его замедлении зависла часть пользовательских сценариев.
Пример к первому дожиму: Сразу заложила бы таймаут и понятную ошибку вместо зависания.
Пример ко второму дожиму: Да, разработчику пришлось делать срочный хотфикс вечером.","Таблица Кати, вопрос 44: https://docs.google.com/spreadsheets/d/1UzFF-mgXfmzE3RdITYpf2t_IS7YiXWSb/edit"
"Что вы делаете, если не знаете ответа на вопрос прямо сейчас?","Интервьюер проверяет, как вы действуете под давлением и выстраиваете рабочую коммуникацию.",мидл-сеньор,soft-skills,"а если это происходит на реальной встрече с заказчиком, а не на собеседовании - меняется ли ваша тактика?","Интервьюер добавляет давление или ограничение. Объясните, как вы поступите в этой ситуации.","как быстро вы обычно возвращаетесь с ответом после того, как сказали ""уточню""?","Интервьюер добавляет давление или ограничение. Объясните, как вы поступите в этой ситуации.","Пример к основному вопросу: Честно говорю, что не знаю точно, и предлагаю, как бы стала разбираться.
Пример к первому дожиму: Тактика та же, но добавляю срок, к которому вернусь с ответом.
Пример ко второму дожиму: В течение дня по несложным вопросам, дольше - если нужно уточнение у разработки.","Пример к основному вопросу: Честно говорю, что не знаю точно, и предлагаю, как бы стала разбираться.
Пример к первому дожиму: Тактика та же, но добавляю срок, к которому вернусь с ответом.
Пример ко второму дожиму: В течение дня по несложным вопросам, дольше - если нужно уточнение у разработки.","Пример к основному вопросу: Честно говорю, что не знаю точно, и предлагаю, как бы стала разбираться.
Пример к первому дожиму: Тактика та же, но добавляю срок, к которому вернусь с ответом.
Пример ко второму дожиму: В течение дня по несложным вопросам, дольше - если нужно уточнение у разработки.","Таблица Кати, вопрос 45: https://docs.google.com/spreadsheets/d/1UzFF-mgXfmzE3RdITYpf2t_IS7YiXWSb/edit"
"Как вы реагируете, если разработчик открыто не согласен с вашим решением на встрече при всей команде?","Интервьюер проверяет, как вы действуете под давлением и выстраиваете рабочую коммуникацию.",мидл-сеньор,soft-skills,"а если он окажется прав, а вы уже публично отстаивали свою позицию - как выйдете из этого?","Интервьюер добавляет давление или ограничение. Объясните, как вы поступите в этой ситуации.","как вы реагируете прямо в моменте на встрече, а не постфактум?","Интервьюер добавляет давление или ограничение. Объясните, как вы поступите в этой ситуации.","Пример к основному вопросу: Прошу назвать конкретный аргумент против, разбираю его по существу на встрече, а не после нее.
Пример к первому дожиму: Открыто меняю позицию на той же встрече, публичное признание дешевле, чем упорство в неправоте.
Пример ко второму дожиму: Да, стараюсь не откладывать разбор на ""поговорим потом"".","Пример к основному вопросу: Прошу назвать конкретный аргумент против, разбираю его по существу на встрече, а не после нее.
Пример к первому дожиму: Открыто меняю позицию на той же встрече, публичное признание дешевле, чем упорство в неправоте.
Пример ко второму дожиму: Да, стараюсь не откладывать разбор на ""поговорим потом"".","Пример к основному вопросу: Прошу назвать конкретный аргумент против, разбираю его по существу на встрече, а не после нее.
Пример к первому дожиму: Открыто меняю позицию на той же встрече, публичное признание дешевле, чем упорство в неправоте.
Пример ко второму дожиму: Да, стараюсь не откладывать разбор на ""поговорим потом"".","Таблица Кати, вопрос 46: https://docs.google.com/spreadsheets/d/1UzFF-mgXfmzE3RdITYpf2t_IS7YiXWSb/edit"
"Расскажите о ситуации, когда вы поняли, что были неправы в своём техническом решении уже после того, как его реализовали - что вы сделали дальше?","Интервьюер проверяет, как вы действуете под давлением и выстраиваете рабочую коммуникацию.",мидл-сеньор,soft-skills,"а если исправление этой ошибки означало признать это перед командой, которая уже согласилась с вашим первоначальным решением - как вы это подали?","Интервьюер добавляет давление или ограничение. Объясните, как вы поступите в этой ситуации.","как быстро вы вообще заметили, что решение было неверным - сразу или спустя время?","Интервьюер добавляет давление или ограничение. Объясните, как вы поступите в этой ситуации.","Пример к основному вопросу: Заложила схему без учета роста нагрузки, через два месяца это стало узким местом.
Пример к первому дожиму: Открыто говорю на встрече, что ошиблась в оценке, показываю новые данные, из-за которых меняю позицию.
Пример ко второму дожиму: По деградации производительности при мониторинге, не сразу, а спустя пару месяцев.","Пример к основному вопросу: Заложила схему без учета роста нагрузки, через два месяца это стало узким местом.
Пример к первому дожиму: Открыто говорю на встрече, что ошиблась в оценке, показываю новые данные, из-за которых меняю позицию.
Пример ко второму дожиму: По деградации производительности при мониторинге, не сразу, а спустя пару месяцев.","Пример к основному вопросу: Заложила схему без учета роста нагрузки, через два месяца это стало узким местом.
Пример к первому дожиму: Открыто говорю на встрече, что ошиблась в оценке, показываю новые данные, из-за которых меняю позицию.
Пример ко второму дожиму: По деградации производительности при мониторинге, не сразу, а спустя пару месяцев.","Таблица Кати, вопрос 47: https://docs.google.com/spreadsheets/d/1UzFF-mgXfmzE3RdITYpf2t_IS7YiXWSb/edit"
Расскажите о конфликте с коллегой или заказчиком и как вы его разрешили,"Интервьюер проверяет, как вы действуете под давлением и выстраиваете рабочую коммуникацию.",мидл-сеньор,soft-skills,а если бы человек отказался идти на компромисс - что бы вы сделали дальше?,"Интервьюер добавляет давление или ограничение. Объясните, как вы поступите в этой ситуации.","с чьей стороны в итоге пришлось уступить больше, и как вы к этому отнеслись?","Интервьюер добавляет давление или ограничение. Объясните, как вы поступите в этой ситуации.","Пример к основному вопросу: Конфликт был из-за разного понимания приоритета задач - разрешили, показав обоим влияние каждого варианта на общую цель.
Пример к первому дожиму: Эскалировала бы решение тому, у кого выше приоритет по бизнес-цели, не пытаясь продавить свою позицию в одиночку.
Пример ко второму дожиму: Скорее коллега, потому что аргумент по цели проекта оказался сильнее его личного предпочтения.","Пример к основному вопросу: Конфликт был из-за разного понимания приоритета задач - разрешили, показав обоим влияние каждого варианта на общую цель.
Пример к первому дожиму: Эскалировала бы решение тому, у кого выше приоритет по бизнес-цели, не пытаясь продавить свою позицию в одиночку.
Пример ко второму дожиму: Скорее коллега, потому что аргумент по цели проекта оказался сильнее его личного предпочтения.","Пример к основному вопросу: Конфликт был из-за разного понимания приоритета задач - разрешили, показав обоим влияние каждого варианта на общую цель.
Пример к первому дожиму: Эскалировала бы решение тому, у кого выше приоритет по бизнес-цели, не пытаясь продавить свою позицию в одиночку.
Пример ко второму дожиму: Скорее коллега, потому что аргумент по цели проекта оказался сильнее его личного предпочтения.","Таблица Кати, вопрос 48: https://docs.google.com/spreadsheets/d/1UzFF-mgXfmzE3RdITYpf2t_IS7YiXWSb/edit"
"Как вы справляетесь, если на вас давят сроком, который вы считаете нереалистичным?","Интервьюер проверяет, как вы действуете под давлением и выстраиваете рабочую коммуникацию.",мидл-сеньор,soft-skills,а если после всех аргументов руководство все равно требует уложиться в срок - как поступите?,"Интервьюер добавляет давление или ограничение. Объясните, как вы поступите в этой ситуации.","как вы определяете, что срок именно нереалистичный, а не просто некомфортный?","Интервьюер добавляет давление или ограничение. Объясните, как вы поступите в этой ситуации.","Пример к основному вопросу: Показываю расчет, из чего складывается срок, и предлагаю варианты - сократить скоуп или сдвинуть дату.
Пример к первому дожиму: Фиксирую риск письменно и предупреждаю, что часть функционала может уйти в следующий этап.
Пример ко второму дожиму: Нереалистичный - когда оценка разработки прямо противоречит сроку, некомфортный - когда просто мало запаса.","Пример к основному вопросу: Показываю расчет, из чего складывается срок, и предлагаю варианты - сократить скоуп или сдвинуть дату.
Пример к первому дожиму: Фиксирую риск письменно и предупреждаю, что часть функционала может уйти в следующий этап.
Пример ко второму дожиму: Нереалистичный - когда оценка разработки прямо противоречит сроку, некомфортный - когда просто мало запаса.","Пример к основному вопросу: Показываю расчет, из чего складывается срок, и предлагаю варианты - сократить скоуп или сдвинуть дату.
Пример к первому дожиму: Фиксирую риск письменно и предупреждаю, что часть функционала может уйти в следующий этап.
Пример ко второму дожиму: Нереалистичный - когда оценка разработки прямо противоречит сроку, некомфортный - когда просто мало запаса.","Таблица Кати, вопрос 49: https://docs.google.com/spreadsheets/d/1UzFF-mgXfmzE3RdITYpf2t_IS7YiXWSb/edit"
"Что для вас означает ""взять на себя ответственность за решение"", и приведите пример","Интервьюер проверяет, как вы действуете под давлением и выстраиваете рабочую коммуникацию.",мидл-сеньор,soft-skills,а если решение оказалось ошибочным - как именно вы это признали перед командой?,"Интервьюер добавляет давление или ограничение. Объясните, как вы поступите в этой ситуации.","есть решения, ответственность за которые вы сознательно не готовы брать в одиночку - какие?","Интервьюер добавляет давление или ограничение. Объясните, как вы поступите в этой ситуации.","Пример к основному вопросу: Это значит отслеживать последствия своего решения, а не только принять его, и признавать ошибку, если она обнаружилась.
Пример к первому дожиму: Признавала открыто на встрече с командой, без попытки списать на внешние обстоятельства.
Пример ко второму дожиму: Решения с высоким финансовым риском - для них обязательно нужно согласование, а не единоличное решение.","Пример к основному вопросу: Это значит отслеживать последствия своего решения, а не только принять его, и признавать ошибку, если она обнаружилась.
Пример к первому дожиму: Признавала открыто на встрече с командой, без попытки списать на внешние обстоятельства.
Пример ко второму дожиму: Решения с высоким финансовым риском - для них обязательно нужно согласование, а не единоличное решение.","Пример к основному вопросу: Это значит отслеживать последствия своего решения, а не только принять его, и признавать ошибку, если она обнаружилась.
Пример к первому дожиму: Признавала открыто на встрече с командой, без попытки списать на внешние обстоятельства.
Пример ко второму дожиму: Решения с высоким финансовым риском - для них обязательно нужно согласование, а не единоличное решение.","Таблица Кати, вопрос 50: https://docs.google.com/spreadsheets/d/1UzFF-mgXfmzE3RdITYpf2t_IS7YiXWSb/edit"
Чем отличаются SSL и TLS и зачем они нужны?,"Интервьюер проверяет, как вы учитываете безопасность в решениях системного аналитика.",мидл-сеньор,безопасность,а что именно защищает TLS - данные на сервере тоже?,"Интервьюер добавляет новый риск или ограничение. Объясните, как вы учтете его в решении.",а если сертификат просрочен или самоподписанный - чем это грозит?,"Интервьюер добавляет новый риск или ограничение. Объясните, как вы учтете его в решении.","Пример к основному вопросу: И SSL, и TLS - это протоколы шифрования канала между клиентом и сервером, чтобы данные нельзя было перехватить или подменить в пути. SSL - устаревшее название, сейчас везде используется TLS, но по привычке говорят SSL. Практически: TLS обеспечивает шифрование трафика, проверку подлинности сервера по сертификату и защиту от подмены.
Пример к первому дожиму: Нет, TLS защищает только передачу данных по сети - данные в пути. Данные на сервере и в базе он не шифрует, для этого нужно отдельное шифрование хранения (at rest).
Пример ко второму дожиму: Клиент не может доверять серверу: браузер покажет предупреждение, а приложение должно рвать соединение. Иначе есть риск, что на том конце не тот сервер, и канал слушают.","Пример к основному вопросу: И SSL, и TLS - это протоколы шифрования канала между клиентом и сервером, чтобы данные нельзя было перехватить или подменить в пути. SSL - устаревшее название, сейчас везде используется TLS, но по привычке говорят SSL. Практически: TLS обеспечивает шифрование трафика, проверку подлинности сервера по сертификату и защиту от подмены.
Пример к первому дожиму: Нет, TLS защищает только передачу данных по сети - данные в пути. Данные на сервере и в базе он не шифрует, для этого нужно отдельное шифрование хранения (at rest).
Пример ко второму дожиму: Клиент не может доверять серверу: браузер покажет предупреждение, а приложение должно рвать соединение. Иначе есть риск, что на том конце не тот сервер, и канал слушают.","Пример к основному вопросу: И SSL, и TLS - это протоколы шифрования канала между клиентом и сервером, чтобы данные нельзя было перехватить или подменить в пути. SSL - устаревшее название, сейчас везде используется TLS, но по привычке говорят SSL. Практически: TLS обеспечивает шифрование трафика, проверку подлинности сервера по сертификату и защиту от подмены.
Пример к первому дожиму: Нет, TLS защищает только передачу данных по сети - данные в пути. Данные на сервере и в базе он не шифрует, для этого нужно отдельное шифрование хранения (at rest).
Пример ко второму дожиму: Клиент не может доверять серверу: браузер покажет предупреждение, а приложение должно рвать соединение. Иначе есть риск, что на том конце не тот сервер, и канал слушают.","Таблица Кати, вопрос 51: https://docs.google.com/spreadsheets/d/1UzFF-mgXfmzE3RdITYpf2t_IS7YiXWSb/edit"
Что такое JWT и из чего он состоит?,"Интервьюер проверяет, как вы учитываете безопасность в решениях системного аналитика.",мидл-сеньор,безопасность,данные внутри JWT зашифрованы?,"Интервьюер добавляет новый риск или ограничение. Объясните, как вы учтете его в решении.",если JWT украли - как ограничить ущерб?,"Интервьюер добавляет новый риск или ограничение. Объясните, как вы учтете его в решении.","Пример к основному вопросу: JWT - это формат токена, которым сервер подтверждает, что пользователь уже прошел аутентификацию. Состоит из трех частей: заголовок, полезная нагрузка (кто пользователь, права, срок жизни) и подпись. Подпись позволяет серверу проверить, что токен не подделали, не обращаясь к базе.
Пример к первому дожиму: Нет, по умолчанию payload только закодирован в base64, а не зашифрован - его может прочитать любой. Поэтому в JWT нельзя класть секреты, пароли и чувствительные данные, только идентификаторы и права.
Пример ко второму дожиму: Делаю короткий срок жизни access-токена, чтобы украденный токен быстро протух. Плюс refresh-токен с возможностью отзыва, чтобы можно было заблокировать сессию.","Пример к основному вопросу: JWT - это формат токена, которым сервер подтверждает, что пользователь уже прошел аутентификацию. Состоит из трех частей: заголовок, полезная нагрузка (кто пользователь, права, срок жизни) и подпись. Подпись позволяет серверу проверить, что токен не подделали, не обращаясь к базе.
Пример к первому дожиму: Нет, по умолчанию payload только закодирован в base64, а не зашифрован - его может прочитать любой. Поэтому в JWT нельзя класть секреты, пароли и чувствительные данные, только идентификаторы и права.
Пример ко второму дожиму: Делаю короткий срок жизни access-токена, чтобы украденный токен быстро протух. Плюс refresh-токен с возможностью отзыва, чтобы можно было заблокировать сессию.","Пример к основному вопросу: JWT - это формат токена, которым сервер подтверждает, что пользователь уже прошел аутентификацию. Состоит из трех частей: заголовок, полезная нагрузка (кто пользователь, права, срок жизни) и подпись. Подпись позволяет серверу проверить, что токен не подделали, не обращаясь к базе.
Пример к первому дожиму: Нет, по умолчанию payload только закодирован в base64, а не зашифрован - его может прочитать любой. Поэтому в JWT нельзя класть секреты, пароли и чувствительные данные, только идентификаторы и права.
Пример ко второму дожиму: Делаю короткий срок жизни access-токена, чтобы украденный токен быстро протух. Плюс refresh-токен с возможностью отзыва, чтобы можно было заблокировать сессию.","Таблица Кати, вопрос 52: https://docs.google.com/spreadsheets/d/1UzFF-mgXfmzE3RdITYpf2t_IS7YiXWSb/edit"
Где на клиенте правильно хранить токены и почему это важно?,"Интервьюер проверяет, как вы учитываете безопасность в решениях системного аналитика.",мидл-сеньор,безопасность,чем именно опасен localStorage для токена?,"Интервьюер добавляет новый риск или ограничение. Объясните, как вы учтете его в решении.","а куда класть refresh-токен, он же живет дольше?","Интервьюер добавляет новый риск или ограничение. Объясните, как вы учтете его в решении.","Пример к основному вопросу: Место хранения определяет, какие атаки возможны. В вебе httpOnly cookie защищает токен от чтения из JavaScript, то есть от кражи через XSS, но требует защиты от CSRF. localStorage удобнее, но доступен любому скрипту на странице, поэтому уязвим к XSS. В мобильных приложениях - защищенное хранилище платформы (Keychain на iOS, Keystore на Android).
Пример к первому дожиму: Любой сторонний или внедренный скрипт на странице может прочитать localStorage и украсть токен. Если на сайт попадет XSS, токены утекут разом.
Пример ко второму дожиму: Refresh-токен опаснее при краже, поэтому его безопаснее держать в httpOnly cookie или в защищенном хранилище устройства, а не в localStorage, и обязательно предусмотреть его отзыв.","Пример к основному вопросу: Место хранения определяет, какие атаки возможны. В вебе httpOnly cookie защищает токен от чтения из JavaScript, то есть от кражи через XSS, но требует защиты от CSRF. localStorage удобнее, но доступен любому скрипту на странице, поэтому уязвим к XSS. В мобильных приложениях - защищенное хранилище платформы (Keychain на iOS, Keystore на Android).
Пример к первому дожиму: Любой сторонний или внедренный скрипт на странице может прочитать localStorage и украсть токен. Если на сайт попадет XSS, токены утекут разом.
Пример ко второму дожиму: Refresh-токен опаснее при краже, поэтому его безопаснее держать в httpOnly cookie или в защищенном хранилище устройства, а не в localStorage, и обязательно предусмотреть его отзыв.","Пример к основному вопросу: Место хранения определяет, какие атаки возможны. В вебе httpOnly cookie защищает токен от чтения из JavaScript, то есть от кражи через XSS, но требует защиты от CSRF. localStorage удобнее, но доступен любому скрипту на странице, поэтому уязвим к XSS. В мобильных приложениях - защищенное хранилище платформы (Keychain на iOS, Keystore на Android).
Пример к первому дожиму: Любой сторонний или внедренный скрипт на странице может прочитать localStorage и украсть токен. Если на сайт попадет XSS, токены утекут разом.
Пример ко второму дожиму: Refresh-токен опаснее при краже, поэтому его безопаснее держать в httpOnly cookie или в защищенном хранилище устройства, а не в localStorage, и обязательно предусмотреть его отзыв.","Таблица Кати, вопрос 53: https://docs.google.com/spreadsheets/d/1UzFF-mgXfmzE3RdITYpf2t_IS7YiXWSb/edit"
Как работает OAuth 2.0 - объясните на примере входа через стороннюю систему?,"Интервьюер проверяет, как вы учитываете безопасность в решениях системного аналитика.",мидл-сеньор,безопасность,"зачем нужен промежуточный код, почему сразу не отдать токен?","Интервьюер добавляет новый риск или ограничение. Объясните, как вы учтете его в решении.",в чем разница между аутентификацией и авторизацией здесь?,"Интервьюер добавляет новый риск или ограничение. Объясните, как вы учтете его в решении.","Пример к основному вопросу: OAuth 2.0 - это протокол делегирования доступа: пользователь разрешает одному сервису действовать от его имени в другом, не отдавая пароль. В основном потоке (authorization code) пользователь логинится на стороне провайдера, тот возвращает одноразовый код, а сервер меняет этот код на токен доступа через отдельный серверный запрос. Дальше сервис ходит с этим токеном, не зная пароля пользователя.
Пример к первому дожиму: Чтобы токен не светился в адресной строке и в истории браузера. Код одноразовый и короткоживущий, а обмен кода на токен идет server-to-server, где перехватить сложнее.
Пример ко второму дожиму: OAuth 2.0 - это про авторизацию, то есть про доступ к ресурсам. Кто именно пользователь (аутентификацию) поверх OAuth добавляет OpenID Connect - строго говоря, для входа нужен именно он.","Пример к основному вопросу: OAuth 2.0 - это протокол делегирования доступа: пользователь разрешает одному сервису действовать от его имени в другом, не отдавая пароль. В основном потоке (authorization code) пользователь логинится на стороне провайдера, тот возвращает одноразовый код, а сервер меняет этот код на токен доступа через отдельный серверный запрос. Дальше сервис ходит с этим токеном, не зная пароля пользователя.
Пример к первому дожиму: Чтобы токен не светился в адресной строке и в истории браузера. Код одноразовый и короткоживущий, а обмен кода на токен идет server-to-server, где перехватить сложнее.
Пример ко второму дожиму: OAuth 2.0 - это про авторизацию, то есть про доступ к ресурсам. Кто именно пользователь (аутентификацию) поверх OAuth добавляет OpenID Connect - строго говоря, для входа нужен именно он.","Пример к основному вопросу: OAuth 2.0 - это протокол делегирования доступа: пользователь разрешает одному сервису действовать от его имени в другом, не отдавая пароль. В основном потоке (authorization code) пользователь логинится на стороне провайдера, тот возвращает одноразовый код, а сервер меняет этот код на токен доступа через отдельный серверный запрос. Дальше сервис ходит с этим токеном, не зная пароля пользователя.
Пример к первому дожиму: Чтобы токен не светился в адресной строке и в истории браузера. Код одноразовый и короткоживущий, а обмен кода на токен идет server-to-server, где перехватить сложнее.
Пример ко второму дожиму: OAuth 2.0 - это про авторизацию, то есть про доступ к ресурсам. Кто именно пользователь (аутентификацию) поверх OAuth добавляет OpenID Connect - строго говоря, для входа нужен именно он.","Таблица Кати, вопрос 54: https://docs.google.com/spreadsheets/d/1UzFF-mgXfmzE3RdITYpf2t_IS7YiXWSb/edit"
"В чем разница между хэшированием, шифрованием и кодированием?","Интервьюер проверяет, как вы учитываете безопасность в решениях системного аналитика.",мидл-сеньор,безопасность,"почему пароли хэшируют, а не шифруют?","Интервьюер добавляет новый риск или ограничение. Объясните, как вы учтете его в решении.",тогда почему просто хэша пароля недостаточно?,"Интервьюер добавляет новый риск или ограничение. Объясните, как вы учтете его в решении.","Пример к основному вопросу: Это три разные операции с разными целями. Кодирование (base64) - это смена формата для передачи, оно обратимо и не защищает ничего. Шифрование - защита данных: обратимо при наличии ключа, применяется, когда данные надо потом прочитать. Хэширование - одностороннее преобразование без возможности вернуть исходник, применяется для проверки, а не для восстановления.
Пример к первому дожиму: Пароль не нужно восстанавливать - его достаточно сверять. При входе хэшируем введенный пароль и сравниваем с хранимым хэшем. Если базу украдут, из хэшей нельзя достать исходные пароли, а из шифра при утечке ключа - можно.
Пример ко второму дожиму: Одинаковые пароли дают одинаковый хэш, и подбор по словарю или радужным таблицам работает. Поэтому добавляют соль (уникальную добавку к каждому паролю) и используют медленные алгоритмы вроде bcrypt, чтобы перебор был дорогим.","Пример к основному вопросу: Это три разные операции с разными целями. Кодирование (base64) - это смена формата для передачи, оно обратимо и не защищает ничего. Шифрование - защита данных: обратимо при наличии ключа, применяется, когда данные надо потом прочитать. Хэширование - одностороннее преобразование без возможности вернуть исходник, применяется для проверки, а не для восстановления.
Пример к первому дожиму: Пароль не нужно восстанавливать - его достаточно сверять. При входе хэшируем введенный пароль и сравниваем с хранимым хэшем. Если базу украдут, из хэшей нельзя достать исходные пароли, а из шифра при утечке ключа - можно.
Пример ко второму дожиму: Одинаковые пароли дают одинаковый хэш, и подбор по словарю или радужным таблицам работает. Поэтому добавляют соль (уникальную добавку к каждому паролю) и используют медленные алгоритмы вроде bcrypt, чтобы перебор был дорогим.","Пример к основному вопросу: Это три разные операции с разными целями. Кодирование (base64) - это смена формата для передачи, оно обратимо и не защищает ничего. Шифрование - защита данных: обратимо при наличии ключа, применяется, когда данные надо потом прочитать. Хэширование - одностороннее преобразование без возможности вернуть исходник, применяется для проверки, а не для восстановления.
Пример к первому дожиму: Пароль не нужно восстанавливать - его достаточно сверять. При входе хэшируем введенный пароль и сравниваем с хранимым хэшем. Если базу украдут, из хэшей нельзя достать исходные пароли, а из шифра при утечке ключа - можно.
Пример ко второму дожиму: Одинаковые пароли дают одинаковый хэш, и подбор по словарю или радужным таблицам работает. Поэтому добавляют соль (уникальную добавку к каждому паролю) и используют медленные алгоритмы вроде bcrypt, чтобы перебор был дорогим.","Таблица Кати, вопрос 55: https://docs.google.com/spreadsheets/d/1UzFF-mgXfmzE3RdITYpf2t_IS7YiXWSb/edit"
Чем аутентификация отличается от авторизации?,"Интервьюер проверяет, как вы учитываете безопасность в решениях системного аналитика.",мидл-сеньор,безопасность,"можно пройти аутентификацию, но провалить авторизацию - когда так бывает?","Интервьюер добавляет новый риск или ограничение. Объясните, как вы учтете его в решении.",что такое проверка прав на уровне объекта и почему ее часто забывают?,"Интервьюер добавляет новый риск или ограничение. Объясните, как вы учтете его в решении.","Пример к основному вопросу: Аутентификация отвечает на вопрос кто ты - проверка личности по паролю, коду, токену. Авторизация отвечает на вопрос что тебе можно - проверка прав на конкретное действие или ресурс. Сначала система убеждается, кто перед ней, потом решает, что этому пользователю разрешено.
Пример к первому дожиму: Постоянно: пользователь залогинен (аутентифицирован), но пытается открыть чужой заказ или админский раздел - и получает отказ по правам. Личность подтверждена, прав нет.
Пример ко второму дожиму: Это проверка не только роли, но и того, что пользователь владеет именно этим ресурсом. Частая дыра: доступ к /orders/{id} есть, но никто не проверяет, что заказ принадлежит именно этому пользователю - подставил чужой id и увидел чужие данные.","Пример к основному вопросу: Аутентификация отвечает на вопрос кто ты - проверка личности по паролю, коду, токену. Авторизация отвечает на вопрос что тебе можно - проверка прав на конкретное действие или ресурс. Сначала система убеждается, кто перед ней, потом решает, что этому пользователю разрешено.
Пример к первому дожиму: Постоянно: пользователь залогинен (аутентифицирован), но пытается открыть чужой заказ или админский раздел - и получает отказ по правам. Личность подтверждена, прав нет.
Пример ко второму дожиму: Это проверка не только роли, но и того, что пользователь владеет именно этим ресурсом. Частая дыра: доступ к /orders/{id} есть, но никто не проверяет, что заказ принадлежит именно этому пользователю - подставил чужой id и увидел чужие данные.","Пример к основному вопросу: Аутентификация отвечает на вопрос кто ты - проверка личности по паролю, коду, токену. Авторизация отвечает на вопрос что тебе можно - проверка прав на конкретное действие или ресурс. Сначала система убеждается, кто перед ней, потом решает, что этому пользователю разрешено.
Пример к первому дожиму: Постоянно: пользователь залогинен (аутентифицирован), но пытается открыть чужой заказ или админский раздел - и получает отказ по правам. Личность подтверждена, прав нет.
Пример ко второму дожиму: Это проверка не только роли, но и того, что пользователь владеет именно этим ресурсом. Частая дыра: доступ к /orders/{id} есть, но никто не проверяет, что заказ принадлежит именно этому пользователю - подставил чужой id и увидел чужие данные.","Таблица Кати, вопрос 56: https://docs.google.com/spreadsheets/d/1UzFF-mgXfmzE3RdITYpf2t_IS7YiXWSb/edit"
Что системный аналитик должен заложить в постановку по безопасности?,"Интервьюер проверяет, как вы учитываете безопасность в решениях системного аналитика.",мидл-сеньор,безопасность,приведите пример требования безопасности в постановке на уведомления,"Интервьюер добавляет новый риск или ограничение. Объясните, как вы учтете его в решении.","как аналитику понять, какие данные считаются чувствительными?","Интервьюер добавляет новый риск или ограничение. Объясните, как вы учтете его в решении.","Пример к основному вопросу: Как минимум: способ аутентификации и авторизации (кто и что может делать, включая права на уровне объекта), защиту канала (TLS, для сервис-сервис mTLS), правила работы с чувствительными данными - что нельзя логировать и что маскировать, срок хранения данных, и требования по согласиям, если есть персональные данные. Безопасность - это не отдельный этап, а требования, вплетенные в постановку.
Пример к первому дожиму: В тексте СМС запрещено передавать полный номер карты, остаток на счете и полное ФИО, разрешены только последние четыре цифры карты. Телефоны в логах маскируются, содержимое хранится ограниченный срок.
Пример ко второму дожиму: Уточняю у ИБ и комплаенса, не решаю сам. Персональные данные, платежные данные, данные о здоровье - чувствительные почти всегда, но конкретный перечень и правила задает ИБ под требования регуляторов.","Пример к основному вопросу: Как минимум: способ аутентификации и авторизации (кто и что может делать, включая права на уровне объекта), защиту канала (TLS, для сервис-сервис mTLS), правила работы с чувствительными данными - что нельзя логировать и что маскировать, срок хранения данных, и требования по согласиям, если есть персональные данные. Безопасность - это не отдельный этап, а требования, вплетенные в постановку.
Пример к первому дожиму: В тексте СМС запрещено передавать полный номер карты, остаток на счете и полное ФИО, разрешены только последние четыре цифры карты. Телефоны в логах маскируются, содержимое хранится ограниченный срок.
Пример ко второму дожиму: Уточняю у ИБ и комплаенса, не решаю сам. Персональные данные, платежные данные, данные о здоровье - чувствительные почти всегда, но конкретный перечень и правила задает ИБ под требования регуляторов.","Пример к основному вопросу: Как минимум: способ аутентификации и авторизации (кто и что может делать, включая права на уровне объекта), защиту канала (TLS, для сервис-сервис mTLS), правила работы с чувствительными данными - что нельзя логировать и что маскировать, срок хранения данных, и требования по согласиям, если есть персональные данные. Безопасность - это не отдельный этап, а требования, вплетенные в постановку.
Пример к первому дожиму: В тексте СМС запрещено передавать полный номер карты, остаток на счете и полное ФИО, разрешены только последние четыре цифры карты. Телефоны в логах маскируются, содержимое хранится ограниченный срок.
Пример ко второму дожиму: Уточняю у ИБ и комплаенса, не решаю сам. Персональные данные, платежные данные, данные о здоровье - чувствительные почти всегда, но конкретный перечень и правила задает ИБ под требования регуляторов.","Таблица Кати, вопрос 57: https://docs.google.com/spreadsheets/d/1UzFF-mgXfmzE3RdITYpf2t_IS7YiXWSb/edit"
"Как защитить прием вебхука от внешней системы, например от платежного провайдера?","Интервьюер проверяет, как вы учитываете безопасность в решениях системного аналитика.",мидл-сеньор,безопасность,"зачем проверять подпись, если запрос пришел на секретный URL?","Интервьюер добавляет новый риск или ограничение. Объясните, как вы учтете его в решении.",почему вебхук обязательно обрабатывать идемпотентно?,"Интервьюер добавляет новый риск или ограничение. Объясните, как вы учтете его в решении.","Пример к основному вопросу: Вебхук - это входящий запрос извне, которому нельзя слепо доверять. Проверяю подпись запроса, чтобы убедиться, что он действительно от провайдера, а не подделан. Обрабатываю идемпотентно, потому что провайдер может прислать одно событие несколько раз. Не доверяю только вебхуку в спорных случаях, а сверяюсь с провайдером отдельным запросом по статусу.
Пример к первому дожиму: Секретность URL - это не защита: он может утечь в логах или истории. Подпись подтверждает, что тело запроса сформировал именно провайдер своим ключом и его не подменили по пути.
Пример ко второму дожиму: Провайдеры гарантируют доставку по принципу at-least-once - возможны повторы. Без идемпотентности повторный вебхук об оплате спишет или зачислит дважды. Проверяю по идентификатору события, обработано ли оно уже.","Пример к основному вопросу: Вебхук - это входящий запрос извне, которому нельзя слепо доверять. Проверяю подпись запроса, чтобы убедиться, что он действительно от провайдера, а не подделан. Обрабатываю идемпотентно, потому что провайдер может прислать одно событие несколько раз. Не доверяю только вебхуку в спорных случаях, а сверяюсь с провайдером отдельным запросом по статусу.
Пример к первому дожиму: Секретность URL - это не защита: он может утечь в логах или истории. Подпись подтверждает, что тело запроса сформировал именно провайдер своим ключом и его не подменили по пути.
Пример ко второму дожиму: Провайдеры гарантируют доставку по принципу at-least-once - возможны повторы. Без идемпотентности повторный вебхук об оплате спишет или зачислит дважды. Проверяю по идентификатору события, обработано ли оно уже.","Пример к основному вопросу: Вебхук - это входящий запрос извне, которому нельзя слепо доверять. Проверяю подпись запроса, чтобы убедиться, что он действительно от провайдера, а не подделан. Обрабатываю идемпотентно, потому что провайдер может прислать одно событие несколько раз. Не доверяю только вебхуку в спорных случаях, а сверяюсь с провайдером отдельным запросом по статусу.
Пример к первому дожиму: Секретность URL - это не защита: он может утечь в логах или истории. Подпись подтверждает, что тело запроса сформировал именно провайдер своим ключом и его не подменили по пути.
Пример ко второму дожиму: Провайдеры гарантируют доставку по принципу at-least-once - возможны повторы. Без идемпотентности повторный вебхук об оплате спишет или зачислит дважды. Проверяю по идентификатору события, обработано ли оно уже.","Таблица Кати, вопрос 58: https://docs.google.com/spreadsheets/d/1UzFF-mgXfmzE3RdITYpf2t_IS7YiXWSb/edit"
